Time,EcoregionName,EcoregionIndex,TAP,MAT,BeginGrow,EndGrow,PDSI,
1980, BS1, 1, 88.24, 12.93, 0, 365, 0, 
1981, BS1, 1, 46.4, 12.98, 0, 365, 0, 
1982, BS1, 1, 40.57, 13.42, 0, 365, 0, 
1983, BS1, 1, 53.27, 13.45, 0, 365, 0, 
1984, BS1, 1, 51.32, 13.29, 0, 365, 0, 
1985, BS1, 1, 111.96, 14.18, 0, 365, 0, 
1986, BS1, 1, 53.27, 13.45, 0, 365, 0, 
1987, BS1, 1, 50.39, 14, 0, 365, 0, 
1988, BS1, 1, 95.85, 14.09, 0, 365, 0, 
1989, BS1, 1, 53.83, 13.08, 0, 365, 0, 
1990, BS1, 1, 50.39, 14, 0, 365, 0, 
1991, BS1, 1, 72.82, 13.33, 0, 316, 0, 
1992, BS1, 1, 33.99, 13.28, 0, 365, 0, 
1993, BS1, 1, 67.51, 13.66, 0, 365, 0, 
1994, BS1, 1, 95.85, 14.09, 0, 365, 0, 
1995, BS1, 1, 46.4, 12.98, 0, 365, 0, 
1996, BS1, 1, 53.35, 13.33, 0, 310, 0, 
1997, BS1, 1, 65.39, 14.26, 0, 365, 0, 
1998, BS1, 1, 72.94, 13.6, 0, 365, 0, 
1999, BS1, 1, 72.94, 13.6, 0, 365, 0, 
2000, BS1, 1, 62.71, 13.59, 0, 365, 0, 
2001, BS1, 1, 36.6, 13.21, 0, 331, 0, 
2002, BS1, 1, 72.94, 13.6, 0, 365, 0, 
2003, BS1, 1, 53.27, 13.45, 0, 365, 0, 
2004, BS1, 1, 62.95, 14.6, 0, 365, 0, 
2005, BS1, 1, 33.31, 13.18, 0, 340, 0, 
2006, BS1, 1, 72.82, 13.33, 0, 316, 0, 
2007, BS1, 1, 111.96, 14.18, 0, 365, 0, 
2008, BS1, 1, 62.95, 14.6, 0, 348, 0, 
2009, BS1, 1, 46.4, 12.98, 0, 365, 0, 
2010, BS1, 1, 33.99, 13.28, 0, 365, 0, 
2011, BS1, 1, 125.73, 13.8, 0, 365, 0, 
2012, BS1, 1, 68, 13.54, 0, 365, 0, 
2013, BS1, 1, 72.82, 13.33, 0, 317, 0, 
2014, BS1, 1, 53.83, 13.08, 0, 365, 0, 
2015, BS1, 1, 49.54, 12.62, 0, 365, 0, 
2016, BS1, 1, 53.83, 13.08, 0, 365, 0, 
2017, BS1, 1, 125.73, 13.8, 0, 365, 0, 
2018, BS1, 1, 78.95, 13.32, 0, 365, 0, 
2019, BS1, 1, 125.73, 13.8, 0, 365, 0, 
2020, BS1, 1, 41.07, 13.67, 0, 365, 0, 
2021, BS1, 1, 111.96, 14.18, 0, 365, 0, 
2022, BS1, 1, 72.94, 13.6, 0, 365, 0, 
2023, BS1, 1, 40.57, 13.42, 0, 348, 0, 
2024, BS1, 1, 103.92, 12.7, 0, 365, 0, 
2025, BS1, 1, 125.73, 13.8, 0, 365, 0, 
2026, BS1, 1, 95.85, 14.09, 0, 365, 0, 
2027, BS1, 1, 103.92, 12.7, 0, 365, 0, 
2028, BS1, 1, 33.99, 13.28, 0, 365, 0, 
2029, BS1, 1, 33.31, 13.18, 0, 337, 0, 
2030, BS1, 1, 51.32, 13.29, 0, 349, 0, 
2031, BS1, 1, 88.24, 13.96, 0, 365, 0, 
2032, BS1, 1, 41.07, 13.67, 0, 365, 0, 
2033, BS1, 1, 65.39, 14.26, 0, 350, 0, 
2034, BS1, 1, 78.95, 13.32, 0, 365, 0, 
2035, BS1, 1, 46.4, 12.98, 0, 365, 0, 
2036, BS1, 1, 88.24, 13.96, 0, 365, 0, 
2037, BS1, 1, 68, 13.54, 0, 365, 0, 
2038, BS1, 1, 33.99, 13.28, 0, 365, 0, 
2039, BS1, 1, 111.96, 14.18, 0, 365, 0, 
2040, BS1, 1, 46.4, 12.98, 0, 365, 0, 
2041, BS1, 1, 111.96, 14.18, 0, 365, 0, 
2042, BS1, 1, 53.83, 13.08, 0, 365, 0, 
2043, BS1, 1, 58.51, 12.97, 0, 365, 0, 
2044, BS1, 1, 41.07, 13.67, 0, 365, 0, 
2045, BS1, 1, 53.35, 13.33, 0, 312, 0, 
2046, BS1, 1, 49.54, 12.62, 0, 365, 0, 
2047, BS1, 1, 78.95, 13.32, 0, 365, 0, 
2048, BS1, 1, 78.95, 13.32, 0, 365, 0, 
2049, BS1, 1, 53.35, 13.33, 0, 313, 0, 
2050, BS1, 1, 103.92, 12.7, 0, 365, 0, 
2051, BS1, 1, 36.6, 13.21, 0, 330, 0, 
2052, BS1, 1, 103.92, 12.7, 0, 365, 0, 
2053, BS1, 1, 88.24, 13.96, 0, 365, 0, 
2054, BS1, 1, 53.35, 13.33, 0, 310, 0, 
2055, BS1, 1, 65.39, 14.26, 0, 365, 0, 
2056, BS1, 1, 67.51, 13.66, 0, 365, 0, 
2057, BS1, 1, 49.54, 12.62, 0, 365, 0, 
2058, BS1, 1, 88.24, 12.93, 0, 365, 0, 
2059, BS1, 1, 58.51, 12.97, 0, 365, 0, 
2060, BS1, 1, 82.93, 13.62, 0, 365, 0, 
2061, BS1, 1, 41.07, 13.67, 0, 365, 0, 
2062, BS1, 1, 50.39, 14, 0, 365, 0, 
2063, BS1, 1, 82.93, 13.62, 0, 365, 0, 
2064, BS1, 1, 65.39, 14.26, 0, 365, 0, 
2065, BS1, 1, 49.54, 12.62, 0, 365, 0, 
2066, BS1, 1, 36.6, 13.21, 0, 334, 0, 
2067, BS1, 1, 68, 13.54, 0, 365, 0, 
2068, BS1, 1, 49.54, 12.62, 0, 365, 0, 
2069, BS1, 1, 62.95, 14.6, 0, 365, 0, 
2070, BS1, 1, 111.96, 14.18, 0, 365, 0, 
2071, BS1, 1, 53.83, 13.08, 0, 365, 0, 
2072, BS1, 1, 41.07, 13.67, 0, 365, 0, 
2073, BS1, 1, 68, 13.54, 0, 365, 0, 
2074, BS1, 1, 33.99, 13.28, 0, 365, 0, 
2075, BS1, 1, 125.73, 13.8, 0, 365, 0, 
2076, BS1, 1, 51.32, 13.29, 0, 350, 0, 
2077, BS1, 1, 58.51, 12.97, 0, 365, 0, 
2078, BS1, 1, 88.24, 13.96, 0, 365, 0, 
2079, BS1, 1, 116.87, 13.14, 0, 344, 0, 
1980, BS2, 2, 112.87, 12.86, 0, 315, 0, 
1981, BS2, 2, 62.13, 12.91, 0, 365, 0, 
1982, BS2, 2, 53.67, 13.43, 0, 339, 0, 
1983, BS2, 2, 67.86, 13.41, 0, 365, 0, 
1984, BS2, 2, 69.45, 13.18, 0, 307, 0, 
1985, BS2, 2, 163.84, 14.03, 0, 365, 0, 
1986, BS2, 2, 67.86, 13.41, 0, 365, 0, 
1987, BS2, 2, 72.48, 14.03, 0, 365, 0, 
1988, BS2, 2, 128.01, 14.02, 0, 365, 0, 
1989, BS2, 2, 77.13, 13.14, 0, 365, 0, 
1990, BS2, 2, 72.48, 14.03, 0, 365, 0, 
1991, BS2, 2, 99.56, 13.3, 0, 307, 0, 
1992, BS2, 2, 47.08, 13.31, 0, 365, 0, 
1993, BS2, 2, 90.85, 13.63, 0, 320, 0, 
1994, BS2, 2, 128.01, 14.02, 0, 365, 0, 
1995, BS2, 2, 62.13, 12.91, 0, 365, 0, 
1996, BS2, 2, 74.95, 13.22, 0, 292, 0, 
1997, BS2, 2, 88.29, 14.09, 0, 322, 0, 
1998, BS2, 2, 103.4, 13.57, 0, 365, 0, 
1999, BS2, 2, 103.4, 13.57, 0, 365, 0, 
2000, BS2, 2, 83.88, 13.49, 0, 365, 0, 
2001, BS2, 2, 48.7, 13.14, 0, 322, 0, 
2002, BS2, 2, 103.4, 13.57, 0, 365, 0, 
2003, BS2, 2, 67.86, 13.41, 0, 365, 0, 
2004, BS2, 2, 80.52, 14.37, 0, 334, 0, 
2005, BS2, 2, 46.64, 13.12, 0, 322, 0, 
2006, BS2, 2, 99.56, 13.3, 0, 303, 0, 
2007, BS2, 2, 163.84, 14.03, 0, 365, 0, 
2008, BS2, 2, 80.52, 14.37, 0, 322, 0, 
2009, BS2, 2, 62.13, 12.91, 0, 365, 0, 
2010, BS2, 2, 47.08, 13.31, 0, 365, 0, 
2011, BS2, 2, 173.81, 13.52, 0, 320, 0, 
2012, BS2, 2, 90.54, 13.52, 0, 365, 0, 
2013, BS2, 2, 99.56, 13.3, 0, 304, 0, 
2014, BS2, 2, 77.13, 13.14, 0, 365, 0, 
2015, BS2, 2, 73.06, 12.59, 0, 348, 0, 
2016, BS2, 2, 77.13, 13.14, 0, 365, 0, 
2017, BS2, 2, 173.81, 13.52, 0, 365, 0, 
2018, BS2, 2, 108.55, 13.36, 0, 340, 0, 
2019, BS2, 2, 173.81, 13.52, 0, 365, 0, 
2020, BS2, 2, 56.52, 13.53, 0, 301, 0, 
2021, BS2, 2, 163.84, 14.03, 0, 365, 0, 
2022, BS2, 2, 103.4, 13.57, 0, 365, 0, 
2023, BS2, 2, 53.67, 13.43, 0, 340, 0, 
2024, BS2, 2, 140.62, 12.49, 0, 365, 0, 
2025, BS2, 2, 173.81, 13.52, 0, 365, 0, 
2026, BS2, 2, 128.01, 14.02, 0, 365, 0, 
2027, BS2, 2, 140.62, 12.49, 0, 316, 0, 
2028, BS2, 2, 47.08, 13.31, 0, 365, 0, 
2029, BS2, 2, 46.64, 13.12, 0, 324, 0, 
2030, BS2, 2, 69.45, 13.18, 0, 313, 0, 
2031, BS2, 2, 121.6, 13.69, 0, 320, 0, 
2032, BS2, 2, 56.52, 13.53, 0, 305, 0, 
2033, BS2, 2, 88.29, 14.09, 0, 317, 0, 
2034, BS2, 2, 108.55, 13.36, 0, 348, 0, 
2035, BS2, 2, 62.13, 12.91, 0, 365, 0, 
2036, BS2, 2, 121.6, 13.69, 0, 312, 0, 
2037, BS2, 2, 90.54, 13.52, 0, 365, 0, 
2038, BS2, 2, 47.08, 13.31, 0, 365, 0, 
2039, BS2, 2, 163.84, 14.03, 0, 365, 0, 
2040, BS2, 2, 62.13, 12.91, 0, 365, 0, 
2041, BS2, 2, 163.84, 14.03, 0, 365, 0, 
2042, BS2, 2, 77.13, 13.14, 0, 365, 0, 
2043, BS2, 2, 76, 12.98, 0, 365, 0, 
2044, BS2, 2, 56.52, 13.53, 0, 300, 0, 
2045, BS2, 2, 74.95, 13.22, 0, 293, 0, 
2046, BS2, 2, 73.06, 12.59, 0, 365, 0, 
2047, BS2, 2, 108.55, 13.36, 0, 336, 0, 
2048, BS2, 2, 108.55, 13.36, 0, 349, 0, 
2049, BS2, 2, 74.95, 13.22, 0, 296, 0, 
2050, BS2, 2, 140.62, 12.49, 0, 365, 0, 
2051, BS2, 2, 48.7, 13.14, 0, 323, 0, 
2052, BS2, 2, 140.62, 12.49, 0, 317, 0, 
2053, BS2, 2, 121.6, 13.69, 0, 315, 0, 
2054, BS2, 2, 74.95, 13.22, 0, 297, 0, 
2055, BS2, 2, 88.29, 14.09, 0, 312, 0, 
2056, BS2, 2, 90.85, 13.63, 0, 365, 0, 
2057, BS2, 2, 73.06, 12.59, 0, 351, 0, 
2058, BS2, 2, 112.87, 12.86, 0, 318, 0, 
2059, BS2, 2, 76, 12.98, 0, 365, 0, 
2060, BS2, 2, 118.42, 13.58, 0, 365, 0, 
2061, BS2, 2, 56.52, 13.53, 0, 322, 0, 
2062, BS2, 2, 72.48, 14.03, 0, 365, 0, 
2063, BS2, 2, 118.42, 13.58, 0, 365, 0, 
2064, BS2, 2, 88.29, 14.09, 0, 317, 0, 
2065, BS2, 2, 73.06, 12.59, 0, 351, 0, 
2066, BS2, 2, 48.7, 13.14, 0, 324, 0, 
2067, BS2, 2, 90.54, 13.52, 0, 365, 0, 
2068, BS2, 2, 73.06, 12.59, 0, 347, 0, 
2069, BS2, 2, 80.52, 14.37, 0, 333, 0, 
2070, BS2, 2, 163.84, 14.03, 0, 365, 0, 
2071, BS2, 2, 77.13, 13.14, 0, 365, 0, 
2072, BS2, 2, 56.52, 13.53, 0, 312, 0, 
2073, BS2, 2, 90.54, 13.52, 0, 365, 0, 
2074, BS2, 2, 47.08, 13.31, 0, 365, 0, 
2075, BS2, 2, 173.81, 13.52, 0, 365, 0, 
2076, BS2, 2, 69.45, 13.18, 0, 309, 0, 
2077, BS2, 2, 76, 12.98, 0, 350, 0, 
2078, BS2, 2, 121.6, 13.69, 0, 315, 0, 
2079, BS2, 2, 158.67, 12.88, 0, 331, 0, 
1980, BS3, 3, 134.76, 13.07, 0, 315, 0, 
1981, BS3, 3, 80.39, 13.19, 0, 365, 0, 
1982, BS3, 3, 67.83, 13.82, 0, 344, 0, 
1983, BS3, 3, 83.7, 13.6, 0, 365, 0, 
1984, BS3, 3, 88.5, 13.38, 0, 306, 0, 
1985, BS3, 3, 210.58, 14.26, 0, 365, 0, 
1986, BS3, 3, 83.7, 13.6, 0, 365, 0, 
1987, BS3, 3, 94.9, 14.34, 0, 313, 0, 
1988, BS3, 3, 169.44, 14.33, 0, 365, 0, 
1989, BS3, 3, 100.16, 13.53, 0, 365, 0, 
1990, BS3, 3, 94.9, 14.34, 0, 312, 0, 
1991, BS3, 3, 124.45, 13.71, 0, 304, 0, 
1992, BS3, 3, 60.26, 13.72, 0, 365, 0, 
1993, BS3, 3, 115.95, 14.06, 0, 365, 0, 
1994, BS3, 3, 169.44, 14.33, 0, 365, 0, 
1995, BS3, 3, 80.39, 13.19, 0, 365, 0, 
1996, BS3, 3, 97.83, 13.35, 0, 294, 0, 
1997, BS3, 3, 113.41, 14.27, 0, 323, 0, 
1998, BS3, 3, 134.68, 13.91, 0, 365, 0, 
1999, BS3, 3, 134.68, 13.91, 0, 365, 0, 
2000, BS3, 3, 113.08, 13.77, 0, 365, 0, 
2001, BS3, 3, 61.42, 13.48, 0, 317, 0, 
2002, BS3, 3, 134.68, 13.91, 0, 365, 0, 
2003, BS3, 3, 83.7, 13.6, 0, 365, 0, 
2004, BS3, 3, 103.51, 14.55, 0, 332, 0, 
2005, BS3, 3, 62.51, 13.43, 0, 323, 0, 
2006, BS3, 3, 124.45, 13.71, 0, 304, 0, 
2007, BS3, 3, 210.58, 14.26, 0, 365, 0, 
2008, BS3, 3, 103.51, 14.55, 0, 331, 0, 
2009, BS3, 3, 80.39, 13.19, 0, 365, 0, 
2010, BS3, 3, 60.26, 13.72, 0, 365, 0, 
2011, BS3, 3, 225.48, 13.61, 0, 320, 0, 
2012, BS3, 3, 117.37, 13.86, 0, 365, 0, 
2013, BS3, 3, 124.45, 13.71, 0, 301, 0, 
2014, BS3, 3, 100.16, 13.53, 0, 365, 0, 
2015, BS3, 3, 96.62, 12.97, 0, 365, 0, 
2016, BS3, 3, 100.16, 13.53, 0, 365, 0, 
2017, BS3, 3, 225.48, 13.61, 0, 318, 0, 
2018, BS3, 3, 137.28, 13.7, 0, 351, 0, 
2019, BS3, 3, 225.48, 13.61, 0, 320, 0, 
2020, BS3, 3, 72.85, 13.73, 0, 325, 0, 
2021, BS3, 3, 210.58, 14.26, 0, 365, 0, 
2022, BS3, 3, 134.68, 13.91, 0, 365, 0, 
2023, BS3, 3, 67.83, 13.82, 0, 339, 0, 
2024, BS3, 3, 180.33, 12.64, 0, 365, 0, 
2025, BS3, 3, 225.48, 13.61, 0, 319, 0, 
2026, BS3, 3, 169.44, 14.33, 0, 365, 0, 
2027, BS3, 3, 180.33, 12.64, 0, 365, 0, 
2028, BS3, 3, 60.26, 13.72, 0, 365, 0, 
2029, BS3, 3, 62.51, 13.43, 0, 324, 0, 
2030, BS3, 3, 88.5, 13.38, 0, 312, 0, 
2031, BS3, 3, 152.05, 13.79, 0, 312, 0, 
2032, BS3, 3, 72.85, 13.73, 0, 318, 0, 
2033, BS3, 3, 113.41, 14.27, 0, 328, 0, 
2034, BS3, 3, 137.28, 13.7, 0, 346, 0, 
2035, BS3, 3, 80.39, 13.19, 0, 365, 0, 
2036, BS3, 3, 152.05, 13.79, 0, 313, 0, 
2037, BS3, 3, 117.37, 13.86, 0, 365, 0, 
2038, BS3, 3, 60.26, 13.72, 0, 365, 0, 
2039, BS3, 3, 210.58, 14.26, 0, 365, 0, 
2040, BS3, 3, 80.39, 13.19, 0, 365, 0, 
2041, BS3, 3, 210.58, 14.26, 0, 365, 0, 
2042, BS3, 3, 100.16, 13.53, 0, 365, 0, 
2043, BS3, 3, 96.04, 13.43, 0, 365, 0, 
2044, BS3, 3, 72.85, 13.73, 0, 332, 0, 
2045, BS3, 3, 97.83, 13.35, 0, 292, 0, 
2046, BS3, 3, 96.62, 12.97, 0, 365, 0, 
2047, BS3, 3, 137.28, 13.7, 0, 348, 0, 
2048, BS3, 3, 137.28, 13.7, 0, 345, 0, 
2049, BS3, 3, 97.83, 13.35, 0, 300, 0, 
2050, BS3, 3, 180.33, 12.64, 0, 319, 0, 
2051, BS3, 3, 61.42, 13.48, 0, 319, 0, 
2052, BS3, 3, 180.33, 12.64, 0, 365, 0, 
2053, BS3, 3, 152.05, 13.79, 0, 312, 0, 
2054, BS3, 3, 97.83, 13.35, 0, 296, 0, 
2055, BS3, 3, 113.41, 14.27, 0, 318, 0, 
2056, BS3, 3, 115.95, 14.06, 0, 365, 0, 
2057, BS3, 3, 96.62, 12.97, 0, 365, 0, 
2058, BS3, 3, 134.76, 13.07, 0, 314, 0, 
2059, BS3, 3, 96.04, 13.43, 0, 365, 0, 
2060, BS3, 3, 154.73, 13.93, 0, 365, 0, 
2061, BS3, 3, 72.85, 13.73, 0, 313, 0, 
2062, BS3, 3, 94.9, 14.34, 0, 316, 0, 
2063, BS3, 3, 154.73, 13.93, 0, 365, 0, 
2064, BS3, 3, 113.41, 14.27, 0, 318, 0, 
2065, BS3, 3, 96.62, 12.97, 0, 365, 0, 
2066, BS3, 3, 61.42, 13.48, 0, 324, 0, 
2067, BS3, 3, 117.37, 13.86, 0, 365, 0, 
2068, BS3, 3, 96.62, 12.97, 0, 365, 0, 
2069, BS3, 3, 103.51, 14.55, 0, 334, 0, 
2070, BS3, 3, 210.58, 14.26, 0, 365, 0, 
2071, BS3, 3, 100.16, 13.53, 0, 365, 0, 
2072, BS3, 3, 72.85, 13.73, 0, 324, 0, 
2073, BS3, 3, 117.37, 13.86, 0, 365, 0, 
2074, BS3, 3, 60.26, 13.72, 0, 365, 0, 
2075, BS3, 3, 225.48, 13.61, 0, 365, 0, 
2076, BS3, 3, 88.5, 13.38, 0, 308, 0, 
2077, BS3, 3, 96.04, 13.43, 0, 365, 0, 
2078, BS3, 3, 152.05, 13.79, 0, 314, 0, 
2079, BS3, 3, 195.91, 13.07, 0, 330, 0, 
1980, BS4, 4, 116.39, 13.3, 0, 365, 0, 
1981, BS4, 4, 65.79, 13.46, 0, 365, 0, 
1982, BS4, 4, 57.21, 13.98, 0, 365, 0, 
1983, BS4, 4, 71.05, 13.87, 0, 365, 0, 
1984, BS4, 4, 72.48, 13.67, 0, 365, 0, 
1985, BS4, 4, 170.93, 14.6, 0, 365, 0, 
1986, BS4, 4, 71.05, 13.87, 0, 365, 0, 
1987, BS4, 4, 74.6, 14.67, 0, 365, 0, 
1988, BS4, 4, 139.54, 14.61, 0, 365, 0, 
1989, BS4, 4, 80.99, 13.73, 0, 365, 0, 
1990, BS4, 4, 74.6, 14.67, 0, 365, 0, 
1991, BS4, 4, 101.98, 13.99, 0, 314, 0, 
1992, BS4, 4, 48.49, 13.91, 0, 365, 0, 
1993, BS4, 4, 97.26, 14.38, 0, 365, 0, 
1994, BS4, 4, 139.54, 14.61, 0, 365, 0, 
1995, BS4, 4, 65.79, 13.46, 0, 365, 0, 
1996, BS4, 4, 79.01, 13.78, 0, 310, 0, 
1997, BS4, 4, 93.52, 14.62, 0, 365, 0, 
1998, BS4, 4, 108.9, 14.07, 0, 365, 0, 
1999, BS4, 4, 108.9, 14.07, 0, 365, 0, 
2000, BS4, 4, 93.74, 14.04, 0, 365, 0, 
2001, BS4, 4, 50.86, 13.71, 0, 329, 0, 
2002, BS4, 4, 108.9, 14.07, 0, 365, 0, 
2003, BS4, 4, 71.05, 13.87, 0, 365, 0, 
2004, BS4, 4, 87.9, 15.01, 0, 365, 0, 
2005, BS4, 4, 50.16, 13.67, 0, 340, 0, 
2006, BS4, 4, 101.98, 13.99, 0, 317, 0, 
2007, BS4, 4, 170.93, 14.6, 0, 365, 0, 
2008, BS4, 4, 87.9, 15.01, 0, 365, 0, 
2009, BS4, 4, 65.79, 13.46, 0, 365, 0, 
2010, BS4, 4, 48.49, 13.91, 0, 365, 0, 
2011, BS4, 4, 182.55, 14.09, 0, 365, 0, 
2012, BS4, 4, 96.06, 14.14, 0, 365, 0, 
2013, BS4, 4, 101.98, 13.99, 0, 316, 0, 
2014, BS4, 4, 80.99, 13.73, 0, 365, 0, 
2015, BS4, 4, 74.27, 13.18, 0, 365, 0, 
2016, BS4, 4, 80.99, 13.73, 0, 365, 0, 
2017, BS4, 4, 182.55, 14.09, 0, 365, 0, 
2018, BS4, 4, 113.55, 13.97, 0, 365, 0, 
2019, BS4, 4, 182.55, 14.09, 0, 365, 0, 
2020, BS4, 4, 58.73, 14.15, 0, 365, 0, 
2021, BS4, 4, 170.93, 14.6, 0, 365, 0, 
2022, BS4, 4, 108.9, 14.07, 0, 365, 0, 
2023, BS4, 4, 57.21, 13.98, 0, 365, 0, 
2024, BS4, 4, 147.77, 13.06, 0, 365, 0, 
2025, BS4, 4, 182.55, 14.09, 0, 365, 0, 
2026, BS4, 4, 139.54, 14.61, 0, 365, 0, 
2027, BS4, 4, 147.77, 13.06, 0, 365, 0, 
2028, BS4, 4, 48.49, 13.91, 0, 365, 0, 
2029, BS4, 4, 50.16, 13.67, 0, 340, 0, 
2030, BS4, 4, 72.48, 13.67, 0, 365, 0, 
2031, BS4, 4, 125.87, 14.23, 0, 365, 0, 
2032, BS4, 4, 58.73, 14.15, 0, 365, 0, 
2033, BS4, 4, 93.52, 14.62, 0, 365, 0, 
2034, BS4, 4, 113.55, 13.97, 0, 365, 0, 
2035, BS4, 4, 65.79, 13.46, 0, 365, 0, 
2036, BS4, 4, 125.87, 14.23, 0, 365, 0, 
2037, BS4, 4, 96.06, 14.14, 0, 365, 0, 
2038, BS4, 4, 48.49, 13.91, 0, 365, 0, 
2039, BS4, 4, 170.93, 14.6, 0, 365, 0, 
2040, BS4, 4, 65.79, 13.46, 0, 365, 0, 
2041, BS4, 4, 170.93, 14.6, 0, 365, 0, 
2042, BS4, 4, 80.99, 13.73, 0, 365, 0, 
2043, BS4, 4, 80.48, 13.56, 0, 365, 0, 
2044, BS4, 4, 58.73, 14.15, 0, 365, 0, 
2045, BS4, 4, 79.01, 13.78, 0, 312, 0, 
2046, BS4, 4, 74.27, 13.18, 0, 365, 0, 
2047, BS4, 4, 113.55, 13.97, 0, 365, 0, 
2048, BS4, 4, 113.55, 13.97, 0, 365, 0, 
2049, BS4, 4, 79.01, 13.78, 0, 313, 0, 
2050, BS4, 4, 147.77, 13.06, 0, 365, 0, 
2051, BS4, 4, 50.86, 13.71, 0, 326, 0, 
2052, BS4, 4, 147.77, 13.06, 0, 365, 0, 
2053, BS4, 4, 125.87, 14.23, 0, 365, 0, 
2054, BS4, 4, 79.01, 13.78, 0, 315, 0, 
2055, BS4, 4, 93.52, 14.62, 0, 365, 0, 
2056, BS4, 4, 97.26, 14.38, 0, 365, 0, 
2057, BS4, 4, 74.27, 13.18, 0, 365, 0, 
2058, BS4, 4, 116.39, 13.3, 0, 365, 0, 
2059, BS4, 4, 80.48, 13.56, 0, 365, 0, 
2060, BS4, 4, 123.35, 14.24, 0, 365, 0, 
2061, BS4, 4, 58.73, 14.15, 0, 365, 0, 
2062, BS4, 4, 74.6, 14.67, 0, 365, 0, 
2063, BS4, 4, 123.35, 14.24, 0, 365, 0, 
2064, BS4, 4, 93.52, 14.62, 0, 351, 0, 
2065, BS4, 4, 74.27, 13.18, 0, 365, 0, 
2066, BS4, 4, 50.86, 13.71, 0, 328, 0, 
2067, BS4, 4, 96.06, 14.14, 0, 365, 0, 
2068, BS4, 4, 74.27, 13.18, 0, 365, 0, 
2069, BS4, 4, 87.9, 15.01, 0, 365, 0, 
2070, BS4, 4, 170.93, 14.6, 0, 365, 0, 
2071, BS4, 4, 80.99, 13.73, 0, 365, 0, 
2072, BS4, 4, 58.73, 14.15, 0, 365, 0, 
2073, BS4, 4, 96.06, 14.14, 0, 365, 0, 
2074, BS4, 4, 48.49, 13.91, 0, 365, 0, 
2075, BS4, 4, 182.55, 14.09, 0, 365, 0, 
2076, BS4, 4, 72.48, 13.67, 0, 365, 0, 
2077, BS4, 4, 80.48, 13.56, 0, 365, 0, 
2078, BS4, 4, 125.87, 14.23, 0, 365, 0, 
2079, BS4, 4, 161.36, 13.5, 0, 344, 0, 
1980, BS5, 5, 139.52, 13.35, 0, 314, 0, 
1981, BS5, 5, 89.34, 13.45, 0, 365, 0, 
1982, BS5, 5, 79.31, 13.96, 0, 347, 0, 
1983, BS5, 5, 83.72, 13.81, 0, 365, 0, 
1984, BS5, 5, 94.48, 13.53, 0, 312, 0, 
1985, BS5, 5, 232.05, 14.49, 0, 365, 0, 
1986, BS5, 5, 83.72, 13.81, 0, 365, 0, 
1987, BS5, 5, 98.01, 14.64, 0, 365, 0, 
1988, BS5, 5, 195.76, 14.52, 0, 365, 0, 
1989, BS5, 5, 101.1, 13.73, 0, 365, 0, 
1990, BS5, 5, 98.01, 14.64, 0, 317, 0, 
1991, BS5, 5, 129.62, 14.04, 0, 310, 0, 
1992, BS5, 5, 64.86, 13.98, 0, 365, 0, 
1993, BS5, 5, 127.45, 14.49, 0, 365, 0, 
1994, BS5, 5, 195.76, 14.52, 0, 365, 0, 
1995, BS5, 5, 89.34, 13.45, 0, 365, 0, 
1996, BS5, 5, 108.35, 13.62, 0, 304, 0, 
1997, BS5, 5, 125.78, 14.57, 0, 318, 0, 
1998, BS5, 5, 150.63, 13.96, 0, 365, 0, 
1999, BS5, 5, 150.63, 13.96, 0, 365, 0, 
2000, BS5, 5, 139.96, 13.96, 0, 365, 0, 
2001, BS5, 5, 67.02, 13.7, 0, 323, 0, 
2002, BS5, 5, 150.63, 13.96, 0, 365, 0, 
2003, BS5, 5, 83.72, 13.81, 0, 365, 0, 
2004, BS5, 5, 117.38, 14.9, 0, 341, 0, 
2005, BS5, 5, 68.31, 13.76, 0, 333, 0, 
2006, BS5, 5, 129.62, 14.04, 0, 310, 0, 
2007, BS5, 5, 232.05, 14.49, 0, 365, 0, 
2008, BS5, 5, 117.38, 14.9, 0, 337, 0, 
2009, BS5, 5, 89.34, 13.45, 0, 365, 0, 
2010, BS5, 5, 64.86, 13.98, 0, 365, 0, 
2011, BS5, 5, 242.72, 14, 0, 365, 0, 
2012, BS5, 5, 131.14, 14.18, 0, 365, 0, 
2013, BS5, 5, 129.62, 14.04, 0, 311, 0, 
2014, BS5, 5, 101.1, 13.73, 0, 365, 0, 
2015, BS5, 5, 95.16, 13.3, 0, 365, 0, 
2016, BS5, 5, 101.1, 13.73, 0, 365, 0, 
2017, BS5, 5, 242.72, 14, 0, 365, 0, 
2018, BS5, 5, 143, 14, 0, 349, 0, 
2019, BS5, 5, 242.72, 14, 0, 365, 0, 
2020, BS5, 5, 78.15, 14.21, 0, 346, 0, 
2021, BS5, 5, 232.05, 14.49, 0, 365, 0, 
2022, BS5, 5, 150.63, 13.96, 0, 365, 0, 
2023, BS5, 5, 79.31, 13.96, 0, 350, 0, 
2024, BS5, 5, 195, 12.96, 0, 365, 0, 
2025, BS5, 5, 242.72, 14, 0, 365, 0, 
2026, BS5, 5, 195.76, 14.52, 0, 365, 0, 
2027, BS5, 5, 195, 12.96, 0, 365, 0, 
2028, BS5, 5, 64.86, 13.98, 0, 365, 0, 
2029, BS5, 5, 68.31, 13.76, 0, 333, 0, 
2030, BS5, 5, 94.48, 13.53, 0, 307, 0, 
2031, BS5, 5, 167.45, 14.13, 0, 316, 0, 
2032, BS5, 5, 78.15, 14.21, 0, 340, 0, 
2033, BS5, 5, 125.78, 14.57, 0, 317, 0, 
2034, BS5, 5, 143, 14, 0, 350, 0, 
2035, BS5, 5, 89.34, 13.45, 0, 365, 0, 
2036, BS5, 5, 167.45, 14.13, 0, 317, 0, 
2037, BS5, 5, 131.14, 14.18, 0, 365, 0, 
2038, BS5, 5, 64.86, 13.98, 0, 365, 0, 
2039, BS5, 5, 232.05, 14.49, 0, 365, 0, 
2040, BS5, 5, 89.34, 13.45, 0, 365, 0, 
2041, BS5, 5, 232.05, 14.49, 0, 365, 0, 
2042, BS5, 5, 101.1, 13.73, 0, 365, 0, 
2043, BS5, 5, 105.74, 13.63, 0, 365, 0, 
2044, BS5, 5, 78.15, 14.21, 0, 335, 0, 
2045, BS5, 5, 108.35, 13.62, 0, 305, 0, 
2046, BS5, 5, 95.16, 13.3, 0, 365, 0, 
2047, BS5, 5, 143, 14, 0, 365, 0, 
2048, BS5, 5, 143, 14, 0, 347, 0, 
2049, BS5, 5, 108.35, 13.62, 0, 297, 0, 
2050, BS5, 5, 195, 12.96, 0, 365, 0, 
2051, BS5, 5, 67.02, 13.7, 0, 324, 0, 
2052, BS5, 5, 195, 12.96, 0, 365, 0, 
2053, BS5, 5, 167.45, 14.13, 0, 315, 0, 
2054, BS5, 5, 108.35, 13.62, 0, 296, 0, 
2055, BS5, 5, 125.78, 14.57, 0, 327, 0, 
2056, BS5, 5, 127.45, 14.49, 0, 365, 0, 
2057, BS5, 5, 95.16, 13.3, 0, 365, 0, 
2058, BS5, 5, 139.52, 13.35, 0, 318, 0, 
2059, BS5, 5, 105.74, 13.63, 0, 365, 0, 
2060, BS5, 5, 160.2, 14.28, 0, 365, 0, 
2061, BS5, 5, 78.15, 14.21, 0, 338, 0, 
2062, BS5, 5, 98.01, 14.64, 0, 314, 0, 
2063, BS5, 5, 160.2, 14.28, 0, 365, 0, 
2064, BS5, 5, 125.78, 14.57, 0, 315, 0, 
2065, BS5, 5, 95.16, 13.3, 0, 365, 0, 
2066, BS5, 5, 67.02, 13.7, 0, 324, 0, 
2067, BS5, 5, 131.14, 14.18, 0, 365, 0, 
2068, BS5, 5, 95.16, 13.3, 0, 365, 0, 
2069, BS5, 5, 117.38, 14.9, 0, 342, 0, 
2070, BS5, 5, 232.05, 14.49, 0, 365, 0, 
2071, BS5, 5, 101.1, 13.73, 0, 365, 0, 
2072, BS5, 5, 78.15, 14.21, 0, 288, 0, 
2073, BS5, 5, 131.14, 14.18, 0, 365, 0, 
2074, BS5, 5, 64.86, 13.98, 0, 365, 0, 
2075, BS5, 5, 242.72, 14, 0, 320, 0, 
2076, BS5, 5, 94.48, 13.53, 0, 310, 0, 
2077, BS5, 5, 105.74, 13.63, 0, 365, 0, 
2078, BS5, 5, 167.45, 14.13, 0, 320, 0, 
2079, BS5, 5, 205.94, 13.47, 0, 335, 0, 
1980, BS6, 6, 150.44, 11.79, 0, 293, 0, 
1981, BS6, 6, 89.78, 12.03, 0, 256, 0, 
1982, BS6, 6, 77.97, 12.77, 0, 305, 0, 
1983, BS6, 6, 93.59, 12.98, 0, 320, 0, 
1984, BS6, 6, 103.58, 12.09, 0, 292, 0, 
1985, BS6, 6, 241.73, 13.01, 0, 332, 0, 
1986, BS6, 6, 93.59, 12.98, 0, 365, 0, 
1987, BS6, 6, 111.24, 13.13, 0, 292, 0, 
1988, BS6, 6, 195.16, 13.13, 0, 313, 0, 
1989, BS6, 6, 115.26, 12.57, 0, 345, 0, 
1990, BS6, 6, 111.24, 13.13, 0, 295, 0, 
1991, BS6, 6, 143.94, 12.51, 0, 293, 0, 
1992, BS6, 6, 68.97, 12.73, 0, 365, 0, 
1993, BS6, 6, 129.58, 12.97, 0, 307, 0, 
1994, BS6, 6, 195.16, 13.13, 0, 302, 0, 
1995, BS6, 6, 89.78, 12.03, 0, 313, 0, 
1996, BS6, 6, 112.48, 12.12, 0, 291, 0, 
1997, BS6, 6, 132.09, 13.01, 0, 302, 0, 
1998, BS6, 6, 156.21, 12.74, 0, 235, 0, 
1999, BS6, 6, 156.21, 12.74, 0, 259, 0, 
2000, BS6, 6, 128.03, 12.63, 0, 319, 0, 
2001, BS6, 6, 68.46, 12.3, 45, 303, 0, 
2002, BS6, 6, 156.21, 12.74, 0, 252, 0, 
2003, BS6, 6, 93.59, 12.98, 0, 365, 0, 
2004, BS6, 6, 114.54, 13.16, 0, 288, 0, 
2005, BS6, 6, 72.6, 12.79, 0, 321, 0, 
2006, BS6, 6, 143.94, 12.51, 0, 293, 0, 
2007, BS6, 6, 241.73, 13.01, 0, 321, 0, 
2008, BS6, 6, 114.54, 13.16, 0, 281, 0, 
2009, BS6, 6, 89.78, 12.03, 0, 258, 0, 
2010, BS6, 6, 68.97, 12.73, 0, 365, 0, 
2011, BS6, 6, 262.57, 12.25, 0, 297, 0, 
2012, BS6, 6, 133.4, 12.74, 0, 279, 0, 
2013, BS6, 6, 143.94, 12.51, 0, 291, 0, 
2014, BS6, 6, 115.26, 12.57, 0, 347, 0, 
2015, BS6, 6, 116.44, 11.89, 0, 308, 0, 
2016, BS6, 6, 115.26, 12.57, 0, 349, 0, 
2017, BS6, 6, 262.57, 12.25, 0, 299, 0, 
2018, BS6, 6, 155.57, 12.62, 0, 321, 0, 
2019, BS6, 6, 262.57, 12.25, 0, 293, 0, 
2020, BS6, 6, 83.47, 12.64, 0, 276, 0, 
2021, BS6, 6, 241.73, 13.01, 0, 324, 0, 
2022, BS6, 6, 156.21, 12.74, 0, 244, 0, 
2023, BS6, 6, 77.97, 12.77, 0, 301, 0, 
2024, BS6, 6, 207.74, 11.33, 0, 299, 0, 
2025, BS6, 6, 262.57, 12.25, 0, 296, 0, 
2026, BS6, 6, 195.16, 13.13, 0, 305, 0, 
2027, BS6, 6, 207.74, 11.33, 0, 301, 0, 
2028, BS6, 6, 68.97, 12.73, 0, 365, 0, 
2029, BS6, 6, 72.6, 12.79, 0, 321, 0, 
2030, BS6, 6, 103.58, 12.09, 0, 292, 0, 
2031, BS6, 6, 168.74, 12.43, 0, 302, 0, 
2032, BS6, 6, 83.47, 12.64, 0, 272, 0, 
2033, BS6, 6, 132.09, 13.01, 0, 305, 0, 
2034, BS6, 6, 155.57, 12.62, 0, 319, 0, 
2035, BS6, 6, 89.78, 12.03, 0, 255, 0, 
2036, BS6, 6, 168.74, 12.43, 0, 301, 0, 
2037, BS6, 6, 133.4, 12.74, 0, 282, 0, 
2038, BS6, 6, 68.97, 12.73, 0, 365, 0, 
2039, BS6, 6, 241.73, 13.01, 0, 322, 0, 
2040, BS6, 6, 89.78, 12.03, 0, 252, 0, 
2041, BS6, 6, 241.73, 13.01, 0, 321, 0, 
2042, BS6, 6, 115.26, 12.57, 0, 349, 0, 
2043, BS6, 6, 109.77, 12.31, 0, 318, 0, 
2044, BS6, 6, 83.47, 12.64, 0, 272, 0, 
2045, BS6, 6, 112.48, 12.12, 0, 291, 0, 
2046, BS6, 6, 116.44, 11.89, 0, 313, 0, 
2047, BS6, 6, 155.57, 12.62, 0, 320, 0, 
2048, BS6, 6, 155.57, 12.62, 0, 314, 0, 
2049, BS6, 6, 112.48, 12.12, 0, 292, 0, 
2050, BS6, 6, 207.74, 11.33, 0, 298, 0, 
2051, BS6, 6, 68.46, 12.3, 45, 303, 0, 
2052, BS6, 6, 207.74, 11.33, 0, 302, 0, 
2053, BS6, 6, 168.74, 12.43, 0, 299, 0, 
2054, BS6, 6, 112.48, 12.12, 0, 292, 0, 
2055, BS6, 6, 132.09, 13.01, 0, 301, 0, 
2056, BS6, 6, 129.58, 12.97, 0, 310, 0, 
2057, BS6, 6, 116.44, 11.89, 0, 311, 0, 
2058, BS6, 6, 150.44, 11.79, 0, 294, 0, 
2059, BS6, 6, 109.77, 12.31, 0, 313, 0, 
2060, BS6, 6, 177.06, 12.78, 0, 343, 0, 
2061, BS6, 6, 83.47, 12.64, 0, 272, 0, 
2062, BS6, 6, 111.24, 13.13, 0, 300, 0, 
2063, BS6, 6, 177.06, 12.78, 0, 338, 0, 
2064, BS6, 6, 132.09, 13.01, 0, 302, 0, 
2065, BS6, 6, 116.44, 11.89, 0, 311, 0, 
2066, BS6, 6, 68.46, 12.3, 45, 306, 0, 
2067, BS6, 6, 133.4, 12.74, 0, 286, 0, 
2068, BS6, 6, 116.44, 11.89, 0, 309, 0, 
2069, BS6, 6, 114.54, 13.16, 0, 281, 0, 
2070, BS6, 6, 241.73, 13.01, 0, 323, 0, 
2071, BS6, 6, 115.26, 12.57, 0, 344, 0, 
2072, BS6, 6, 83.47, 12.64, 0, 271, 0, 
2073, BS6, 6, 133.4, 12.74, 0, 280, 0, 
2074, BS6, 6, 68.97, 12.73, 0, 365, 0, 
2075, BS6, 6, 262.57, 12.25, 0, 294, 0, 
2076, BS6, 6, 103.58, 12.09, 0, 296, 0, 
2077, BS6, 6, 109.77, 12.31, 0, 313, 0, 
2078, BS6, 6, 168.74, 12.43, 0, 308, 0, 
2079, BS6, 6, 221.12, 11.7, 0, 290, 0, 
1980, BS7, 7, 82.51, 13.23, 0, 365, 0, 
1981, BS7, 7, 45.95, 13.07, 0, 365, 0, 
1982, BS7, 7, 42.88, 13.51, 0, 365, 0, 
1983, BS7, 7, 51.81, 13.57, 0, 365, 0, 
1984, BS7, 7, 50.15, 13.43, 0, 365, 0, 
1985, BS7, 7, 105.91, 14.38, 0, 365, 0, 
1986, BS7, 7, 51.81, 13.57, 0, 365, 0, 
1987, BS7, 7, 47.84, 13.99, 0, 365, 0, 
1988, BS7, 7, 98.95, 14.24, 0, 365, 0, 
1989, BS7, 7, 49.52, 13.08, 0, 365, 0, 
1990, BS7, 7, 47.84, 13.99, 0, 365, 0, 
1991, BS7, 7, 71.08, 13.38, 0, 365, 0, 
1992, BS7, 7, 33.45, 13.38, 0, 365, 0, 
1993, BS7, 7, 64.84, 13.75, 0, 365, 0, 
1994, BS7, 7, 98.95, 14.24, 0, 365, 0, 
1995, BS7, 7, 45.95, 13.07, 0, 365, 0, 
1996, BS7, 7, 53.5, 13.48, 0, 365, 0, 
1997, BS7, 7, 65.53, 14.48, 0, 365, 0, 
1998, BS7, 7, 72.6, 13.7, 0, 365, 0, 
1999, BS7, 7, 72.6, 13.7, 0, 365, 0, 
2000, BS7, 7, 67.53, 13.75, 0, 365, 0, 
2001, BS7, 7, 36.49, 13.34, 0, 342, 0, 
2002, BS7, 7, 72.6, 13.7, 0, 365, 0, 
2003, BS7, 7, 51.81, 13.57, 0, 365, 0, 
2004, BS7, 7, 65.41, 14.8, 0, 365, 0, 
2005, BS7, 7, 33.48, 13.38, 0, 365, 0, 
2006, BS7, 7, 71.08, 13.38, 0, 365, 0, 
2007, BS7, 7, 105.91, 14.38, 0, 365, 0, 
2008, BS7, 7, 65.41, 14.8, 0, 365, 0, 
2009, BS7, 7, 45.95, 13.07, 0, 365, 0, 
2010, BS7, 7, 33.45, 13.38, 0, 365, 0, 
2011, BS7, 7, 124.92, 14, 0, 365, 0, 
2012, BS7, 7, 69.52, 13.66, 0, 365, 0, 
2013, BS7, 7, 71.08, 13.38, 0, 365, 0, 
2014, BS7, 7, 49.52, 13.08, 0, 365, 0, 
2015, BS7, 7, 47.71, 12.73, 0, 365, 0, 
2016, BS7, 7, 49.52, 13.08, 0, 365, 0, 
2017, BS7, 7, 124.92, 14, 0, 365, 0, 
2018, BS7, 7, 74.39, 13.32, 0, 365, 0, 
2019, BS7, 7, 124.92, 14, 0, 365, 0, 
2020, BS7, 7, 40.49, 13.85, 0, 365, 0, 
2021, BS7, 7, 105.91, 14.38, 0, 365, 0, 
2022, BS7, 7, 72.6, 13.7, 0, 365, 0, 
2023, BS7, 7, 42.88, 13.51, 0, 365, 0, 
2024, BS7, 7, 103.42, 12.9, 0, 365, 0, 
2025, BS7, 7, 124.92, 14, 0, 365, 0, 
2026, BS7, 7, 98.95, 14.24, 0, 365, 0, 
2027, BS7, 7, 103.42, 12.9, 0, 365, 0, 
2028, BS7, 7, 33.45, 13.38, 0, 365, 0, 
2029, BS7, 7, 33.48, 13.38, 0, 365, 0, 
2030, BS7, 7, 50.15, 13.43, 0, 365, 0, 
2031, BS7, 7, 85.78, 14.18, 0, 365, 0, 
2032, BS7, 7, 40.49, 13.85, 0, 365, 0, 
2033, BS7, 7, 65.53, 14.48, 0, 365, 0, 
2034, BS7, 7, 74.39, 13.32, 0, 365, 0, 
2035, BS7, 7, 45.95, 13.07, 0, 365, 0, 
2036, BS7, 7, 85.78, 14.18, 0, 365, 0, 
2037, BS7, 7, 69.52, 13.66, 0, 365, 0, 
2038, BS7, 7, 33.45, 13.38, 0, 365, 0, 
2039, BS7, 7, 105.91, 14.38, 0, 365, 0, 
2040, BS7, 7, 45.95, 13.07, 0, 365, 0, 
2041, BS7, 7, 105.91, 14.38, 0, 365, 0, 
2042, BS7, 7, 49.52, 13.08, 0, 365, 0, 
2043, BS7, 7, 57.57, 13.08, 0, 365, 0, 
2044, BS7, 7, 40.49, 13.85, 0, 365, 0, 
2045, BS7, 7, 53.5, 13.48, 0, 365, 0, 
2046, BS7, 7, 47.71, 12.73, 0, 365, 0, 
2047, BS7, 7, 74.39, 13.32, 0, 365, 0, 
2048, BS7, 7, 74.39, 13.32, 0, 365, 0, 
2049, BS7, 7, 53.5, 13.48, 0, 365, 0, 
2050, BS7, 7, 103.42, 12.9, 0, 365, 0, 
2051, BS7, 7, 36.49, 13.34, 0, 342, 0, 
2052, BS7, 7, 103.42, 12.9, 0, 365, 0, 
2053, BS7, 7, 85.78, 14.18, 0, 365, 0, 
2054, BS7, 7, 53.5, 13.48, 0, 365, 0, 
2055, BS7, 7, 65.53, 14.48, 0, 365, 0, 
2056, BS7, 7, 64.84, 13.75, 0, 365, 0, 
2057, BS7, 7, 47.71, 12.73, 0, 365, 0, 
2058, BS7, 7, 82.51, 13.23, 0, 365, 0, 
2059, BS7, 7, 57.57, 13.08, 0, 365, 0, 
2060, BS7, 7, 76.19, 13.7, 0, 365, 0, 
2061, BS7, 7, 40.49, 13.85, 0, 365, 0, 
2062, BS7, 7, 47.84, 13.99, 0, 365, 0, 
2063, BS7, 7, 76.19, 13.7, 0, 365, 0, 
2064, BS7, 7, 65.53, 14.48, 0, 365, 0, 
2065, BS7, 7, 47.71, 12.73, 0, 365, 0, 
2066, BS7, 7, 36.49, 13.34, 0, 344, 0, 
2067, BS7, 7, 69.52, 13.66, 0, 365, 0, 
2068, BS7, 7, 47.71, 12.73, 0, 365, 0, 
2069, BS7, 7, 65.41, 14.8, 0, 365, 0, 
2070, BS7, 7, 105.91, 14.38, 0, 365, 0, 
2071, BS7, 7, 49.52, 13.08, 0, 365, 0, 
2072, BS7, 7, 40.49, 13.85, 0, 365, 0, 
2073, BS7, 7, 69.52, 13.66, 0, 365, 0, 
2074, BS7, 7, 33.45, 13.38, 0, 365, 0, 
2075, BS7, 7, 124.92, 14, 0, 365, 0, 
2076, BS7, 7, 50.15, 13.43, 0, 365, 0, 
2077, BS7, 7, 57.57, 13.08, 0, 365, 0, 
2078, BS7, 7, 85.78, 14.18, 0, 365, 0, 
2079, BS7, 7, 114.3, 13.34, 0, 349, 0, 
1980, BS8, 8, 135.83, 12.81, 0, 310, 0, 
1981, BS8, 8, 77.46, 13.06, 0, 365, 0, 
1982, BS8, 8, 67.38, 13.78, 0, 320, 0, 
1983, BS8, 8, 86.43, 13.52, 0, 365, 0, 
1984, BS8, 8, 88.97, 13.22, 0, 310, 0, 
1985, BS8, 8, 206.61, 14.18, 0, 365, 0, 
1986, BS8, 8, 86.43, 13.52, 0, 365, 0, 
1987, BS8, 8, 95.83, 14.31, 0, 313, 0, 
1988, BS8, 8, 162.75, 14.25, 0, 365, 0, 
1989, BS8, 8, 101.38, 13.53, 0, 365, 0, 
1990, BS8, 8, 95.83, 14.31, 0, 316, 0, 
1991, BS8, 8, 126.39, 13.61, 0, 305, 0, 
1992, BS8, 8, 60.84, 13.65, 0, 365, 0, 
1993, BS8, 8, 112.15, 14.05, 0, 365, 0, 
1994, BS8, 8, 162.75, 14.25, 0, 365, 0, 
1995, BS8, 8, 77.46, 13.06, 0, 365, 0, 
1996, BS8, 8, 97.05, 13.31, 0, 298, 0, 
1997, BS8, 8, 112.26, 14.08, 0, 319, 0, 
1998, BS8, 8, 131.82, 13.85, 0, 365, 0, 
1999, BS8, 8, 131.82, 13.85, 0, 365, 0, 
2000, BS8, 8, 103.86, 13.67, 0, 365, 0, 
2001, BS8, 8, 61.69, 13.34, 23, 319, 0, 
2002, BS8, 8, 131.82, 13.85, 0, 365, 0, 
2003, BS8, 8, 86.43, 13.52, 0, 365, 0, 
2004, BS8, 8, 100.14, 14.32, 0, 334, 0, 
2005, BS8, 8, 62.33, 13.34, 0, 325, 0, 
2006, BS8, 8, 126.39, 13.61, 0, 302, 0, 
2007, BS8, 8, 206.61, 14.18, 0, 365, 0, 
2008, BS8, 8, 100.14, 14.32, 0, 334, 0, 
2009, BS8, 8, 77.46, 13.06, 0, 365, 0, 
2010, BS8, 8, 60.84, 13.65, 0, 365, 0, 
2011, BS8, 8, 225.16, 13.39, 0, 316, 0, 
2012, BS8, 8, 114.47, 13.73, 0, 365, 0, 
2013, BS8, 8, 126.39, 13.61, 0, 305, 0, 
2014, BS8, 8, 101.38, 13.53, 0, 365, 0, 
2015, BS8, 8, 101.37, 12.8, 0, 365, 0, 
2016, BS8, 8, 101.38, 13.53, 0, 365, 0, 
2017, BS8, 8, 225.16, 13.39, 0, 365, 0, 
2018, BS8, 8, 135.92, 13.62, 0, 345, 0, 
2019, BS8, 8, 225.16, 13.39, 0, 316, 0, 
2020, BS8, 8, 72.76, 13.55, 0, 320, 0, 
2021, BS8, 8, 206.61, 14.18, 0, 365, 0, 
2022, BS8, 8, 131.82, 13.85, 0, 365, 0, 
2023, BS8, 8, 67.38, 13.78, 0, 317, 0, 
2024, BS8, 8, 179.77, 12.42, 0, 365, 0, 
2025, BS8, 8, 225.16, 13.39, 0, 315, 0, 
2026, BS8, 8, 162.75, 14.25, 0, 365, 0, 
2027, BS8, 8, 179.77, 12.42, 0, 365, 0, 
2028, BS8, 8, 60.84, 13.65, 0, 365, 0, 
2029, BS8, 8, 62.33, 13.34, 0, 327, 0, 
2030, BS8, 8, 88.97, 13.22, 0, 308, 0, 
2031, BS8, 8, 147.96, 13.58, 0, 316, 0, 
2032, BS8, 8, 72.76, 13.55, 0, 337, 0, 
2033, BS8, 8, 112.26, 14.08, 0, 319, 0, 
2034, BS8, 8, 135.92, 13.62, 0, 340, 0, 
2035, BS8, 8, 77.46, 13.06, 0, 365, 0, 
2036, BS8, 8, 147.96, 13.58, 0, 316, 0, 
2037, BS8, 8, 114.47, 13.73, 0, 365, 0, 
2038, BS8, 8, 60.84, 13.65, 0, 365, 0, 
2039, BS8, 8, 206.61, 14.18, 0, 365, 0, 
2040, BS8, 8, 77.46, 13.06, 0, 365, 0, 
2041, BS8, 8, 206.61, 14.18, 0, 365, 0, 
2042, BS8, 8, 101.38, 13.53, 0, 365, 0, 
2043, BS8, 8, 93.4, 13.32, 0, 365, 0, 
2044, BS8, 8, 72.76, 13.55, 0, 318, 0, 
2045, BS8, 8, 97.05, 13.31, 0, 297, 0, 
2046, BS8, 8, 101.37, 12.8, 0, 365, 0, 
2047, BS8, 8, 135.92, 13.62, 0, 341, 0, 
2048, BS8, 8, 135.92, 13.62, 0, 345, 0, 
2049, BS8, 8, 97.05, 13.31, 0, 295, 0, 
2050, BS8, 8, 179.77, 12.42, 0, 365, 0, 
2051, BS8, 8, 61.69, 13.34, 23, 318, 0, 
2052, BS8, 8, 179.77, 12.42, 0, 365, 0, 
2053, BS8, 8, 147.96, 13.58, 0, 316, 0, 
2054, BS8, 8, 97.05, 13.31, 0, 302, 0, 
2055, BS8, 8, 112.26, 14.08, 0, 320, 0, 
2056, BS8, 8, 112.15, 14.05, 0, 365, 0, 
2057, BS8, 8, 101.37, 12.8, 0, 365, 0, 
2058, BS8, 8, 135.83, 12.81, 0, 312, 0, 
2059, BS8, 8, 93.4, 13.32, 0, 351, 0, 
2060, BS8, 8, 153.3, 13.86, 0, 365, 0, 
2061, BS8, 8, 72.76, 13.55, 0, 338, 0, 
2062, BS8, 8, 95.83, 14.31, 0, 317, 0, 
2063, BS8, 8, 153.3, 13.86, 0, 365, 0, 
2064, BS8, 8, 112.26, 14.08, 0, 318, 0, 
2065, BS8, 8, 101.37, 12.8, 0, 365, 0, 
2066, BS8, 8, 61.69, 13.34, 23, 320, 0, 
2067, BS8, 8, 114.47, 13.73, 0, 365, 0, 
2068, BS8, 8, 101.37, 12.8, 0, 365, 0, 
2069, BS8, 8, 100.14, 14.32, 0, 336, 0, 
2070, BS8, 8, 206.61, 14.18, 0, 365, 0, 
2071, BS8, 8, 101.38, 13.53, 0, 365, 0, 
2072, BS8, 8, 72.76, 13.55, 0, 318, 0, 
2073, BS8, 8, 114.47, 13.73, 0, 365, 0, 
2074, BS8, 8, 60.84, 13.65, 0, 365, 0, 
2075, BS8, 8, 225.16, 13.39, 0, 316, 0, 
2076, BS8, 8, 88.97, 13.22, 0, 312, 0, 
2077, BS8, 8, 93.4, 13.32, 0, 350, 0, 
2078, BS8, 8, 147.96, 13.58, 0, 314, 0, 
2079, BS8, 8, 198.51, 12.8, 0, 333, 0, 
1980, BS9, 9, 114.61, 13.17, 0, 365, 0, 
1981, BS9, 9, 67.47, 13.26, 0, 365, 0, 
1982, BS9, 9, 58.03, 13.8, 0, 349, 0, 
1983, BS9, 9, 71.17, 13.63, 0, 365, 0, 
1984, BS9, 9, 73.68, 13.54, 0, 343, 0, 
1985, BS9, 9, 170.41, 14.41, 0, 365, 0, 
1986, BS9, 9, 71.17, 13.63, 0, 365, 0, 
1987, BS9, 9, 76.28, 14.36, 0, 365, 0, 
1988, BS9, 9, 141.96, 14.4, 0, 365, 0, 
1989, BS9, 9, 80.92, 13.49, 0, 365, 0, 
1990, BS9, 9, 76.28, 14.36, 0, 365, 0, 
1991, BS9, 9, 103.23, 13.74, 0, 314, 0, 
1992, BS9, 9, 49.86, 13.68, 0, 365, 0, 
1993, BS9, 9, 96.92, 14.09, 0, 365, 0, 
1994, BS9, 9, 141.96, 14.4, 0, 365, 0, 
1995, BS9, 9, 67.47, 13.26, 0, 365, 0, 
1996, BS9, 9, 80.83, 13.51, 0, 310, 0, 
1997, BS9, 9, 94.76, 14.47, 0, 343, 0, 
1998, BS9, 9, 110.86, 13.95, 0, 365, 0, 
1999, BS9, 9, 110.86, 13.95, 0, 365, 0, 
2000, BS9, 9, 96.02, 13.86, 0, 365, 0, 
2001, BS9, 9, 51.74, 13.54, 0, 325, 0, 
2002, BS9, 9, 110.86, 13.95, 0, 365, 0, 
2003, BS9, 9, 71.17, 13.63, 0, 365, 0, 
2004, BS9, 9, 89.05, 14.76, 0, 347, 0, 
2005, BS9, 9, 51.18, 13.46, 0, 339, 0, 
2006, BS9, 9, 103.23, 13.74, 0, 311, 0, 
2007, BS9, 9, 170.41, 14.41, 0, 365, 0, 
2008, BS9, 9, 89.05, 14.76, 0, 343, 0, 
2009, BS9, 9, 67.47, 13.26, 0, 365, 0, 
2010, BS9, 9, 49.86, 13.68, 0, 365, 0, 
2011, BS9, 9, 186.09, 13.92, 0, 365, 0, 
2012, BS9, 9, 98.86, 13.89, 0, 365, 0, 
2013, BS9, 9, 103.23, 13.74, 0, 316, 0, 
2014, BS9, 9, 80.92, 13.49, 0, 365, 0, 
2015, BS9, 9, 76.89, 12.98, 0, 365, 0, 
2016, BS9, 9, 80.92, 13.49, 0, 365, 0, 
2017, BS9, 9, 186.09, 13.92, 0, 365, 0, 
2018, BS9, 9, 113.63, 13.67, 0, 365, 0, 
2019, BS9, 9, 186.09, 13.92, 0, 365, 0, 
2020, BS9, 9, 60.33, 13.86, 0, 365, 0, 
2021, BS9, 9, 170.41, 14.41, 0, 365, 0, 
2022, BS9, 9, 110.86, 13.95, 0, 365, 0, 
2023, BS9, 9, 58.03, 13.8, 0, 351, 0, 
2024, BS9, 9, 150.37, 12.87, 0, 365, 0, 
2025, BS9, 9, 186.09, 13.92, 0, 365, 0, 
2026, BS9, 9, 141.96, 14.4, 0, 365, 0, 
2027, BS9, 9, 150.37, 12.87, 0, 365, 0, 
2028, BS9, 9, 49.86, 13.68, 0, 365, 0, 
2029, BS9, 9, 51.18, 13.46, 0, 340, 0, 
2030, BS9, 9, 73.68, 13.54, 0, 341, 0, 
2031, BS9, 9, 126.62, 14.09, 0, 365, 0, 
2032, BS9, 9, 60.33, 13.86, 0, 365, 0, 
2033, BS9, 9, 94.76, 14.47, 0, 342, 0, 
2034, BS9, 9, 113.63, 13.67, 0, 365, 0, 
2035, BS9, 9, 67.47, 13.26, 0, 365, 0, 
2036, BS9, 9, 126.62, 14.09, 0, 365, 0, 
2037, BS9, 9, 98.86, 13.89, 0, 365, 0, 
2038, BS9, 9, 49.86, 13.68, 0, 365, 0, 
2039, BS9, 9, 170.41, 14.41, 0, 365, 0, 
2040, BS9, 9, 67.47, 13.26, 0, 365, 0, 
2041, BS9, 9, 170.41, 14.41, 0, 365, 0, 
2042, BS9, 9, 80.92, 13.49, 0, 365, 0, 
2043, BS9, 9, 80.99, 13.39, 0, 365, 0, 
2044, BS9, 9, 60.33, 13.86, 0, 365, 0, 
2045, BS9, 9, 80.83, 13.51, 0, 306, 0, 
2046, BS9, 9, 76.89, 12.98, 0, 365, 0, 
2047, BS9, 9, 113.63, 13.67, 0, 365, 0, 
2048, BS9, 9, 113.63, 13.67, 0, 365, 0, 
2049, BS9, 9, 80.83, 13.51, 0, 307, 0, 
2050, BS9, 9, 150.37, 12.87, 0, 365, 0, 
2051, BS9, 9, 51.74, 13.54, 0, 323, 0, 
2052, BS9, 9, 150.37, 12.87, 0, 365, 0, 
2053, BS9, 9, 126.62, 14.09, 0, 365, 0, 
2054, BS9, 9, 80.83, 13.51, 0, 304, 0, 
2055, BS9, 9, 94.76, 14.47, 0, 348, 0, 
2056, BS9, 9, 96.92, 14.09, 0, 365, 0, 
2057, BS9, 9, 76.89, 12.98, 0, 365, 0, 
2058, BS9, 9, 114.61, 13.17, 0, 365, 0, 
2059, BS9, 9, 80.99, 13.39, 0, 365, 0, 
2060, BS9, 9, 124.49, 13.97, 0, 365, 0, 
2061, BS9, 9, 60.33, 13.86, 0, 365, 0, 
2062, BS9, 9, 76.28, 14.36, 0, 365, 0, 
2063, BS9, 9, 124.49, 13.97, 0, 365, 0, 
2064, BS9, 9, 94.76, 14.47, 0, 345, 0, 
2065, BS9, 9, 76.89, 12.98, 0, 365, 0, 
2066, BS9, 9, 51.74, 13.54, 0, 328, 0, 
2067, BS9, 9, 98.86, 13.89, 0, 365, 0, 
2068, BS9, 9, 76.89, 12.98, 0, 365, 0, 
2069, BS9, 9, 89.05, 14.76, 0, 347, 0, 
2070, BS9, 9, 170.41, 14.41, 0, 365, 0, 
2071, BS9, 9, 80.92, 13.49, 0, 365, 0, 
2072, BS9, 9, 60.33, 13.86, 0, 365, 0, 
2073, BS9, 9, 98.86, 13.89, 0, 365, 0, 
2074, BS9, 9, 49.86, 13.68, 0, 365, 0, 
2075, BS9, 9, 186.09, 13.92, 0, 365, 0, 
2076, BS9, 9, 73.68, 13.54, 0, 318, 0, 
2077, BS9, 9, 80.99, 13.39, 0, 365, 0, 
2078, BS9, 9, 126.62, 14.09, 0, 365, 0, 
2079, BS9, 9, 163.48, 13.29, 0, 340, 0, 
1980, BS10, 10, 102.3, 13.04, 0, 365, 0, 
1981, BS10, 10, 58.45, 13.12, 0, 365, 0, 
1982, BS10, 10, 49.52, 13.66, 0, 365, 0, 
1983, BS10, 10, 65.02, 13.48, 0, 365, 0, 
1984, BS10, 10, 64.46, 13.52, 0, 350, 0, 
1985, BS10, 10, 142.22, 14.32, 0, 365, 0, 
1986, BS10, 10, 65.02, 13.48, 0, 365, 0, 
1987, BS10, 10, 66.12, 14.15, 0, 365, 0, 
1988, BS10, 10, 119.62, 14.29, 0, 365, 0, 
1989, BS10, 10, 71.01, 13.32, 0, 365, 0, 
1990, BS10, 10, 66.12, 14.15, 0, 365, 0, 
1991, BS10, 10, 91.74, 13.56, 0, 312, 0, 
1992, BS10, 10, 43.3, 13.49, 0, 365, 0, 
1993, BS10, 10, 83.58, 13.84, 0, 365, 0, 
1994, BS10, 10, 119.62, 14.29, 0, 365, 0, 
1995, BS10, 10, 58.45, 13.12, 0, 365, 0, 
1996, BS10, 10, 68.86, 13.4, 0, 309, 0, 
1997, BS10, 10, 81.39, 14.4, 0, 340, 0, 
1998, BS10, 10, 94.56, 13.9, 0, 365, 0, 
1999, BS10, 10, 94.56, 13.9, 0, 365, 0, 
2000, BS10, 10, 78.57, 13.78, 0, 365, 0, 
2001, BS10, 10, 45.33, 13.41, 0, 333, 0, 
2002, BS10, 10, 94.56, 13.9, 0, 365, 0, 
2003, BS10, 10, 65.02, 13.48, 0, 365, 0, 
2004, BS10, 10, 77.4, 14.64, 0, 348, 0, 
2005, BS10, 10, 43.76, 13.25, 0, 342, 0, 
2006, BS10, 10, 91.74, 13.56, 0, 312, 0, 
2007, BS10, 10, 142.22, 14.32, 0, 365, 0, 
2008, BS10, 10, 77.4, 14.64, 0, 350, 0, 
2009, BS10, 10, 58.45, 13.12, 0, 365, 0, 
2010, BS10, 10, 43.3, 13.49, 0, 365, 0, 
2011, BS10, 10, 161.43, 13.86, 0, 365, 0, 
2012, BS10, 10, 85.67, 13.7, 0, 365, 0, 
2013, BS10, 10, 91.74, 13.56, 0, 313, 0, 
2014, BS10, 10, 71.01, 13.32, 0, 365, 0, 
2015, BS10, 10, 67.77, 12.8, 0, 365, 0, 
2016, BS10, 10, 71.01, 13.32, 0, 365, 0, 
2017, BS10, 10, 161.43, 13.86, 0, 365, 0, 
2018, BS10, 10, 99.91, 13.46, 0, 365, 0, 
2019, BS10, 10, 161.43, 13.86, 0, 365, 0, 
2020, BS10, 10, 52.99, 13.64, 0, 365, 0, 
2021, BS10, 10, 142.22, 14.32, 0, 365, 0, 
2022, BS10, 10, 94.56, 13.9, 0, 365, 0, 
2023, BS10, 10, 49.52, 13.66, 0, 365, 0, 
2024, BS10, 10, 131.98, 12.79, 0, 365, 0, 
2025, BS10, 10, 161.43, 13.86, 0, 365, 0, 
2026, BS10, 10, 119.62, 14.29, 0, 365, 0, 
2027, BS10, 10, 131.98, 12.79, 0, 365, 0, 
2028, BS10, 10, 43.3, 13.49, 0, 365, 0, 
2029, BS10, 10, 43.76, 13.25, 0, 341, 0, 
2030, BS10, 10, 64.46, 13.52, 0, 350, 0, 
2031, BS10, 10, 107.99, 14.06, 0, 365, 0, 
2032, BS10, 10, 52.99, 13.64, 0, 349, 0, 
2033, BS10, 10, 81.39, 14.4, 0, 348, 0, 
2034, BS10, 10, 99.91, 13.46, 0, 365, 0, 
2035, BS10, 10, 58.45, 13.12, 0, 365, 0, 
2036, BS10, 10, 107.99, 14.06, 0, 365, 0, 
2037, BS10, 10, 85.67, 13.7, 0, 365, 0, 
2038, BS10, 10, 43.3, 13.49, 0, 365, 0, 
2039, BS10, 10, 142.22, 14.32, 0, 365, 0, 
2040, BS10, 10, 58.45, 13.12, 0, 365, 0, 
2041, BS10, 10, 142.22, 14.32, 0, 365, 0, 
2042, BS10, 10, 71.01, 13.32, 0, 365, 0, 
2043, BS10, 10, 70.15, 13.23, 0, 365, 0, 
2044, BS10, 10, 52.99, 13.64, 0, 365, 0, 
2045, BS10, 10, 68.86, 13.4, 0, 308, 0, 
2046, BS10, 10, 67.77, 12.8, 0, 365, 0, 
2047, BS10, 10, 99.91, 13.46, 0, 365, 0, 
2048, BS10, 10, 99.91, 13.46, 0, 365, 0, 
2049, BS10, 10, 68.86, 13.4, 0, 309, 0, 
2050, BS10, 10, 131.98, 12.79, 0, 365, 0, 
2051, BS10, 10, 45.33, 13.41, 0, 329, 0, 
2052, BS10, 10, 131.98, 12.79, 0, 365, 0, 
2053, BS10, 10, 107.99, 14.06, 0, 365, 0, 
2054, BS10, 10, 68.86, 13.4, 0, 308, 0, 
2055, BS10, 10, 81.39, 14.4, 0, 347, 0, 
2056, BS10, 10, 83.58, 13.84, 0, 365, 0, 
2057, BS10, 10, 67.77, 12.8, 0, 365, 0, 
2058, BS10, 10, 102.3, 13.04, 0, 365, 0, 
2059, BS10, 10, 70.15, 13.23, 0, 365, 0, 
2060, BS10, 10, 107.95, 13.77, 0, 365, 0, 
2061, BS10, 10, 52.99, 13.64, 0, 365, 0, 
2062, BS10, 10, 66.12, 14.15, 0, 365, 0, 
2063, BS10, 10, 107.95, 13.77, 0, 365, 0, 
2064, BS10, 10, 81.39, 14.4, 0, 341, 0, 
2065, BS10, 10, 67.77, 12.8, 0, 365, 0, 
2066, BS10, 10, 45.33, 13.41, 0, 324, 0, 
2067, BS10, 10, 85.67, 13.7, 0, 365, 0, 
2068, BS10, 10, 67.77, 12.8, 0, 365, 0, 
2069, BS10, 10, 77.4, 14.64, 0, 347, 0, 
2070, BS10, 10, 142.22, 14.32, 0, 365, 0, 
2071, BS10, 10, 71.01, 13.32, 0, 365, 0, 
2072, BS10, 10, 52.99, 13.64, 0, 365, 0, 
2073, BS10, 10, 85.67, 13.7, 0, 365, 0, 
2074, BS10, 10, 43.3, 13.49, 0, 365, 0, 
2075, BS10, 10, 161.43, 13.86, 0, 365, 0, 
2076, BS10, 10, 64.46, 13.52, 0, 338, 0, 
2077, BS10, 10, 70.15, 13.23, 0, 365, 0, 
2078, BS10, 10, 107.99, 14.06, 0, 365, 0, 
2079, BS10, 10, 144.09, 13.15, 0, 341, 0, 
1980, BS11, 11, 137.31, 13.28, 0, 319, 0, 
1981, BS11, 11, 85.47, 13.38, 0, 365, 0, 
1982, BS11, 11, 72.61, 13.94, 0, 365, 0, 
1983, BS11, 11, 83.42, 13.69, 0, 365, 0, 
1984, BS11, 11, 91.03, 13.55, 0, 312, 0, 
1985, BS11, 11, 220.89, 14.41, 0, 365, 0, 
1986, BS11, 11, 83.42, 13.69, 0, 365, 0, 
1987, BS11, 11, 96.65, 14.54, 0, 320, 0, 
1988, BS11, 11, 182.21, 14.47, 0, 365, 0, 
1989, BS11, 11, 101.19, 13.68, 0, 365, 0, 
1990, BS11, 11, 96.65, 14.54, 0, 319, 0, 
1991, BS11, 11, 126.34, 13.94, 0, 312, 0, 
1992, BS11, 11, 62.88, 13.88, 0, 365, 0, 
1993, BS11, 11, 122.29, 14.3, 0, 365, 0, 
1994, BS11, 11, 182.21, 14.47, 0, 365, 0, 
1995, BS11, 11, 85.47, 13.38, 0, 365, 0, 
1996, BS11, 11, 103.54, 13.5, 0, 304, 0, 
1997, BS11, 11, 119, 14.49, 0, 334, 0, 
1998, BS11, 11, 142.5, 14.02, 0, 365, 0, 
1999, BS11, 11, 142.5, 14.02, 0, 365, 0, 
2000, BS11, 11, 126.08, 13.92, 0, 365, 0, 
2001, BS11, 11, 63.97, 13.67, 0, 324, 0, 
2002, BS11, 11, 142.5, 14.02, 0, 365, 0, 
2003, BS11, 11, 83.42, 13.69, 0, 365, 0, 
2004, BS11, 11, 110.17, 14.79, 0, 341, 0, 
2005, BS11, 11, 65.09, 13.58, 0, 329, 0, 
2006, BS11, 11, 126.34, 13.94, 0, 308, 0, 
2007, BS11, 11, 220.89, 14.41, 0, 365, 0, 
2008, BS11, 11, 110.17, 14.79, 0, 344, 0, 
2009, BS11, 11, 85.47, 13.38, 0, 365, 0, 
2010, BS11, 11, 62.88, 13.88, 0, 365, 0, 
2011, BS11, 11, 233.14, 13.86, 0, 365, 0, 
2012, BS11, 11, 124.11, 14.06, 0, 365, 0, 
2013, BS11, 11, 126.34, 13.94, 0, 310, 0, 
2014, BS11, 11, 101.19, 13.68, 0, 365, 0, 
2015, BS11, 11, 95.72, 13.21, 0, 365, 0, 
2016, BS11, 11, 101.19, 13.68, 0, 365, 0, 
2017, BS11, 11, 233.14, 13.86, 0, 365, 0, 
2018, BS11, 11, 141.07, 13.9, 0, 365, 0, 
2019, BS11, 11, 233.14, 13.86, 0, 365, 0, 
2020, BS11, 11, 75.55, 13.96, 0, 345, 0, 
2021, BS11, 11, 220.89, 14.41, 0, 365, 0, 
2022, BS11, 11, 142.5, 14.02, 0, 365, 0, 
2023, BS11, 11, 72.61, 13.94, 0, 350, 0, 
2024, BS11, 11, 187.21, 12.86, 0, 318, 0, 
2025, BS11, 11, 233.14, 13.86, 0, 365, 0, 
2026, BS11, 11, 182.21, 14.47, 0, 365, 0, 
2027, BS11, 11, 187.21, 12.86, 0, 365, 0, 
2028, BS11, 11, 62.88, 13.88, 0, 365, 0, 
2029, BS11, 11, 65.09, 13.58, 0, 333, 0, 
2030, BS11, 11, 91.03, 13.55, 0, 311, 0, 
2031, BS11, 11, 161.2, 14.03, 0, 317, 0, 
2032, BS11, 11, 75.55, 13.96, 0, 350, 0, 
2033, BS11, 11, 119, 14.49, 0, 319, 0, 
2034, BS11, 11, 141.07, 13.9, 0, 365, 0, 
2035, BS11, 11, 85.47, 13.38, 0, 365, 0, 
2036, BS11, 11, 161.2, 14.03, 0, 314, 0, 
2037, BS11, 11, 124.11, 14.06, 0, 365, 0, 
2038, BS11, 11, 62.88, 13.88, 0, 365, 0, 
2039, BS11, 11, 220.89, 14.41, 0, 365, 0, 
2040, BS11, 11, 85.47, 13.38, 0, 365, 0, 
2041, BS11, 11, 220.89, 14.41, 0, 365, 0, 
2042, BS11, 11, 101.19, 13.68, 0, 365, 0, 
2043, BS11, 11, 100.77, 13.62, 0, 365, 0, 
2044, BS11, 11, 75.55, 13.96, 0, 365, 0, 
2045, BS11, 11, 103.54, 13.5, 0, 308, 0, 
2046, BS11, 11, 95.72, 13.21, 0, 365, 0, 
2047, BS11, 11, 141.07, 13.9, 0, 365, 0, 
2048, BS11, 11, 141.07, 13.9, 0, 365, 0, 
2049, BS11, 11, 103.54, 13.5, 0, 302, 0, 
2050, BS11, 11, 187.21, 12.86, 0, 320, 0, 
2051, BS11, 11, 63.97, 13.67, 0, 322, 0, 
2052, BS11, 11, 187.21, 12.86, 0, 320, 0, 
2053, BS11, 11, 161.2, 14.03, 0, 319, 0, 
2054, BS11, 11, 103.54, 13.5, 0, 303, 0, 
2055, BS11, 11, 119, 14.49, 0, 339, 0, 
2056, BS11, 11, 122.29, 14.3, 0, 365, 0, 
2057, BS11, 11, 95.72, 13.21, 0, 365, 0, 
2058, BS11, 11, 137.31, 13.28, 0, 365, 0, 
2059, BS11, 11, 100.77, 13.62, 0, 365, 0, 
2060, BS11, 11, 159, 14.15, 0, 365, 0, 
2061, BS11, 11, 75.55, 13.96, 0, 348, 0, 
2062, BS11, 11, 96.65, 14.54, 0, 365, 0, 
2063, BS11, 11, 159, 14.15, 0, 365, 0, 
2064, BS11, 11, 119, 14.49, 0, 319, 0, 
2065, BS11, 11, 95.72, 13.21, 0, 365, 0, 
2066, BS11, 11, 63.97, 13.67, 0, 318, 0, 
2067, BS11, 11, 124.11, 14.06, 0, 365, 0, 
2068, BS11, 11, 95.72, 13.21, 0, 365, 0, 
2069, BS11, 11, 110.17, 14.79, 0, 345, 0, 
2070, BS11, 11, 220.89, 14.41, 0, 365, 0, 
2071, BS11, 11, 101.19, 13.68, 0, 365, 0, 
2072, BS11, 11, 75.55, 13.96, 0, 351, 0, 
2073, BS11, 11, 124.11, 14.06, 0, 365, 0, 
2074, BS11, 11, 62.88, 13.88, 0, 365, 0, 
2075, BS11, 11, 233.14, 13.86, 0, 365, 0, 
2076, BS11, 11, 91.03, 13.55, 0, 309, 0, 
2077, BS11, 11, 100.77, 13.62, 0, 365, 0, 
2078, BS11, 11, 161.2, 14.03, 0, 314, 0, 
2079, BS11, 11, 200.89, 13.35, 0, 332, 0, 
1980, BS12, 12, 129.34, 13.14, 0, 318, 0, 
1981, BS12, 12, 75.1, 13.33, 0, 365, 0, 
1982, BS12, 12, 63.26, 13.95, 0, 365, 0, 
1983, BS12, 12, 80.43, 13.72, 0, 365, 0, 
1984, BS12, 12, 83.13, 13.54, 0, 316, 0, 
1985, BS12, 12, 197.36, 14.43, 0, 365, 0, 
1986, BS12, 12, 80.43, 13.72, 0, 365, 0, 
1987, BS12, 12, 88.71, 14.53, 0, 365, 0, 
1988, BS12, 12, 157.66, 14.48, 0, 365, 0, 
1989, BS12, 12, 95.09, 13.67, 0, 365, 0, 
1990, BS12, 12, 88.71, 14.53, 0, 365, 0, 
1991, BS12, 12, 117.33, 13.87, 0, 308, 0, 
1992, BS12, 12, 56.35, 13.84, 0, 365, 0, 
1993, BS12, 12, 109.68, 14.25, 0, 365, 0, 
1994, BS12, 12, 157.66, 14.48, 0, 365, 0, 
1995, BS12, 12, 75.1, 13.33, 0, 365, 0, 
1996, BS12, 12, 91.26, 13.56, 0, 303, 0, 
1997, BS12, 12, 106.22, 14.42, 0, 343, 0, 
1998, BS12, 12, 125.44, 14.05, 0, 365, 0, 
1999, BS12, 12, 125.44, 14.05, 0, 365, 0, 
2000, BS12, 12, 104.06, 13.92, 0, 365, 0, 
2001, BS12, 12, 57.78, 13.61, 0, 323, 0, 
2002, BS12, 12, 125.44, 14.05, 0, 365, 0, 
2003, BS12, 12, 80.43, 13.72, 0, 365, 0, 
2004, BS12, 12, 97.87, 14.75, 0, 343, 0, 
2005, BS12, 12, 58.37, 13.53, 0, 337, 0, 
2006, BS12, 12, 117.33, 13.87, 0, 312, 0, 
2007, BS12, 12, 197.36, 14.43, 0, 365, 0, 
2008, BS12, 12, 97.87, 14.75, 0, 344, 0, 
2009, BS12, 12, 75.1, 13.33, 0, 365, 0, 
2010, BS12, 12, 56.35, 13.84, 0, 365, 0, 
2011, BS12, 12, 211.15, 13.8, 0, 365, 0, 
2012, BS12, 12, 109.5, 13.99, 0, 365, 0, 
2013, BS12, 12, 117.33, 13.87, 0, 311, 0, 
2014, BS12, 12, 95.09, 13.67, 0, 365, 0, 
2015, BS12, 12, 90.46, 13.08, 0, 365, 0, 
2016, BS12, 12, 95.09, 13.67, 0, 365, 0, 
2017, BS12, 12, 211.15, 13.8, 0, 365, 0, 
2018, BS12, 12, 130.39, 13.85, 0, 365, 0, 
2019, BS12, 12, 211.15, 13.8, 0, 365, 0, 
2020, BS12, 12, 68.18, 13.87, 0, 345, 0, 
2021, BS12, 12, 197.36, 14.43, 0, 365, 0, 
2022, BS12, 12, 125.44, 14.05, 0, 365, 0, 
2023, BS12, 12, 63.26, 13.95, 0, 350, 0, 
2024, BS12, 12, 169.08, 12.81, 0, 365, 0, 
2025, BS12, 12, 211.15, 13.8, 0, 365, 0, 
2026, BS12, 12, 157.66, 14.48, 0, 365, 0, 
2027, BS12, 12, 169.08, 12.81, 0, 365, 0, 
2028, BS12, 12, 56.35, 13.84, 0, 365, 0, 
2029, BS12, 12, 58.37, 13.53, 0, 333, 0, 
2030, BS12, 12, 83.13, 13.54, 0, 314, 0, 
2031, BS12, 12, 143.16, 13.98, 0, 365, 0, 
2032, BS12, 12, 68.18, 13.87, 0, 365, 0, 
2033, BS12, 12, 106.22, 14.42, 0, 343, 0, 
2034, BS12, 12, 130.39, 13.85, 0, 365, 0, 
2035, BS12, 12, 75.1, 13.33, 0, 365, 0, 
2036, BS12, 12, 143.16, 13.98, 0, 319, 0, 
2037, BS12, 12, 109.5, 13.99, 0, 365, 0, 
2038, BS12, 12, 56.35, 13.84, 0, 365, 0, 
2039, BS12, 12, 197.36, 14.43, 0, 365, 0, 
2040, BS12, 12, 75.1, 13.33, 0, 365, 0, 
2041, BS12, 12, 197.36, 14.43, 0, 365, 0, 
2042, BS12, 12, 95.09, 13.67, 0, 365, 0, 
2043, BS12, 12, 90.31, 13.53, 0, 365, 0, 
2044, BS12, 12, 68.18, 13.87, 0, 365, 0, 
2045, BS12, 12, 91.26, 13.56, 0, 303, 0, 
2046, BS12, 12, 90.46, 13.08, 0, 365, 0, 
2047, BS12, 12, 130.39, 13.85, 0, 365, 0, 
2048, BS12, 12, 130.39, 13.85, 0, 365, 0, 
2049, BS12, 12, 91.26, 13.56, 0, 306, 0, 
2050, BS12, 12, 169.08, 12.81, 0, 365, 0, 
2051, BS12, 12, 57.78, 13.61, 0, 324, 0, 
2052, BS12, 12, 169.08, 12.81, 0, 365, 0, 
2053, BS12, 12, 143.16, 13.98, 0, 320, 0, 
2054, BS12, 12, 91.26, 13.56, 0, 305, 0, 
2055, BS12, 12, 106.22, 14.42, 0, 336, 0, 
2056, BS12, 12, 109.68, 14.25, 0, 365, 0, 
2057, BS12, 12, 90.46, 13.08, 0, 365, 0, 
2058, BS12, 12, 129.34, 13.14, 0, 318, 0, 
2059, BS12, 12, 90.31, 13.53, 0, 365, 0, 
2060, BS12, 12, 145.38, 14.1, 0, 365, 0, 
2061, BS12, 12, 68.18, 13.87, 0, 346, 0, 
2062, BS12, 12, 88.71, 14.53, 0, 365, 0, 
2063, BS12, 12, 145.38, 14.1, 0, 365, 0, 
2064, BS12, 12, 106.22, 14.42, 0, 336, 0, 
2065, BS12, 12, 90.46, 13.08, 0, 365, 0, 
2066, BS12, 12, 57.78, 13.61, 0, 321, 0, 
2067, BS12, 12, 109.5, 13.99, 0, 365, 0, 
2068, BS12, 12, 90.46, 13.08, 0, 365, 0, 
2069, BS12, 12, 97.87, 14.75, 0, 342, 0, 
2070, BS12, 12, 197.36, 14.43, 0, 365, 0, 
2071, BS12, 12, 95.09, 13.67, 0, 365, 0, 
2072, BS12, 12, 68.18, 13.87, 0, 365, 0, 
2073, BS12, 12, 109.5, 13.99, 0, 365, 0, 
2074, BS12, 12, 56.35, 13.84, 0, 365, 0, 
2075, BS12, 12, 211.15, 13.8, 0, 365, 0, 
2076, BS12, 12, 83.13, 13.54, 0, 315, 0, 
2077, BS12, 12, 90.31, 13.53, 0, 365, 0, 
2078, BS12, 12, 143.16, 13.98, 0, 365, 0, 
2079, BS12, 12, 184.94, 13.23, 0, 335, 0, 
1980, BS13, 13, 96.32, 13.09, 0, 365, 0, 
1981, BS13, 13, 53.08, 13.12, 0, 365, 0, 
1982, BS13, 13, 47.98, 13.57, 0, 365, 0, 
1983, BS13, 13, 58.35, 13.59, 0, 365, 0, 
1984, BS13, 13, 58.29, 13.38, 0, 365, 0, 
1985, BS13, 13, 131.86, 14.32, 0, 365, 0, 
1986, BS13, 13, 58.35, 13.59, 0, 365, 0, 
1987, BS13, 13, 56.66, 14.2, 0, 365, 0, 
1988, BS13, 13, 113.09, 14.24, 0, 365, 0, 
1989, BS13, 13, 61.17, 13.24, 0, 365, 0, 
1990, BS13, 13, 56.66, 14.2, 0, 365, 0, 
1991, BS13, 13, 81.62, 13.53, 0, 320, 0, 
1992, BS13, 13, 38.31, 13.46, 0, 365, 0, 
1993, BS13, 13, 77.98, 13.9, 0, 365, 0, 
1994, BS13, 13, 113.09, 14.24, 0, 365, 0, 
1995, BS13, 13, 53.08, 13.12, 0, 365, 0, 
1996, BS13, 13, 62.51, 13.51, 0, 365, 0, 
1997, BS13, 13, 75.65, 14.41, 0, 365, 0, 
1998, BS13, 13, 85.89, 13.69, 0, 365, 0, 
1999, BS13, 13, 85.89, 13.69, 0, 365, 0, 
2000, BS13, 13, 77.56, 13.74, 0, 365, 0, 
2001, BS13, 13, 41.16, 13.35, 0, 334, 0, 
2002, BS13, 13, 85.89, 13.69, 0, 365, 0, 
2003, BS13, 13, 58.35, 13.59, 0, 365, 0, 
2004, BS13, 13, 72.83, 14.76, 0, 365, 0, 
2005, BS13, 13, 38.91, 13.38, 0, 346, 0, 
2006, BS13, 13, 81.62, 13.53, 0, 319, 0, 
2007, BS13, 13, 131.86, 14.32, 0, 365, 0, 
2008, BS13, 13, 72.83, 14.76, 0, 365, 0, 
2009, BS13, 13, 53.08, 13.12, 0, 365, 0, 
2010, BS13, 13, 38.31, 13.46, 0, 365, 0, 
2011, BS13, 13, 145.1, 13.98, 0, 365, 0, 
2012, BS13, 13, 78.46, 13.74, 0, 365, 0, 
2013, BS13, 13, 81.62, 13.53, 0, 365, 0, 
2014, BS13, 13, 61.17, 13.24, 0, 365, 0, 
2015, BS13, 13, 55.92, 12.77, 0, 365, 0, 
2016, BS13, 13, 61.17, 13.24, 0, 365, 0, 
2017, BS13, 13, 145.1, 13.98, 0, 365, 0, 
2018, BS13, 13, 89.68, 13.5, 0, 365, 0, 
2019, BS13, 13, 145.1, 13.98, 0, 365, 0, 
2020, BS13, 13, 46.66, 13.9, 0, 365, 0, 
2021, BS13, 13, 131.86, 14.32, 0, 365, 0, 
2022, BS13, 13, 85.89, 13.69, 0, 365, 0, 
2023, BS13, 13, 47.98, 13.57, 0, 365, 0, 
2024, BS13, 13, 118.82, 12.87, 0, 365, 0, 
2025, BS13, 13, 145.1, 13.98, 0, 365, 0, 
2026, BS13, 13, 113.09, 14.24, 0, 365, 0, 
2027, BS13, 13, 118.82, 12.87, 0, 365, 0, 
2028, BS13, 13, 38.31, 13.46, 0, 365, 0, 
2029, BS13, 13, 38.91, 13.38, 0, 348, 0, 
2030, BS13, 13, 58.29, 13.38, 0, 365, 0, 
2031, BS13, 13, 100.53, 14.11, 0, 365, 0, 
2032, BS13, 13, 46.66, 13.9, 0, 365, 0, 
2033, BS13, 13, 75.65, 14.41, 0, 365, 0, 
2034, BS13, 13, 89.68, 13.5, 0, 365, 0, 
2035, BS13, 13, 53.08, 13.12, 0, 365, 0, 
2036, BS13, 13, 100.53, 14.11, 0, 365, 0, 
2037, BS13, 13, 78.46, 13.74, 0, 365, 0, 
2038, BS13, 13, 38.31, 13.46, 0, 365, 0, 
2039, BS13, 13, 131.86, 14.32, 0, 365, 0, 
2040, BS13, 13, 53.08, 13.12, 0, 365, 0, 
2041, BS13, 13, 131.86, 14.32, 0, 365, 0, 
2042, BS13, 13, 61.17, 13.24, 0, 365, 0, 
2043, BS13, 13, 66.48, 13.12, 0, 365, 0, 
2044, BS13, 13, 46.66, 13.9, 0, 365, 0, 
2045, BS13, 13, 62.51, 13.51, 0, 318, 0, 
2046, BS13, 13, 55.92, 12.77, 0, 365, 0, 
2047, BS13, 13, 89.68, 13.5, 0, 365, 0, 
2048, BS13, 13, 89.68, 13.5, 0, 365, 0, 
2049, BS13, 13, 62.51, 13.51, 0, 317, 0, 
2050, BS13, 13, 118.82, 12.87, 0, 365, 0, 
2051, BS13, 13, 41.16, 13.35, 0, 333, 0, 
2052, BS13, 13, 118.82, 12.87, 0, 365, 0, 
2053, BS13, 13, 100.53, 14.11, 0, 365, 0, 
2054, BS13, 13, 62.51, 13.51, 0, 318, 0, 
2055, BS13, 13, 75.65, 14.41, 0, 365, 0, 
2056, BS13, 13, 77.98, 13.9, 0, 365, 0, 
2057, BS13, 13, 55.92, 12.77, 0, 365, 0, 
2058, BS13, 13, 96.32, 13.09, 0, 365, 0, 
2059, BS13, 13, 66.48, 13.12, 0, 365, 0, 
2060, BS13, 13, 93.88, 13.82, 0, 365, 0, 
2061, BS13, 13, 46.66, 13.9, 0, 365, 0, 
2062, BS13, 13, 56.66, 14.2, 0, 365, 0, 
2063, BS13, 13, 93.88, 13.82, 0, 365, 0, 
2064, BS13, 13, 75.65, 14.41, 0, 365, 0, 
2065, BS13, 13, 55.92, 12.77, 0, 365, 0, 
2066, BS13, 13, 41.16, 13.35, 0, 337, 0, 
2067, BS13, 13, 78.46, 13.74, 0, 365, 0, 
2068, BS13, 13, 55.92, 12.77, 0, 365, 0, 
2069, BS13, 13, 72.83, 14.76, 0, 365, 0, 
2070, BS13, 13, 131.86, 14.32, 0, 365, 0, 
2071, BS13, 13, 61.17, 13.24, 0, 365, 0, 
2072, BS13, 13, 46.66, 13.9, 0, 365, 0, 
2073, BS13, 13, 78.46, 13.74, 0, 365, 0, 
2074, BS13, 13, 38.31, 13.46, 0, 365, 0, 
2075, BS13, 13, 145.1, 13.98, 0, 365, 0, 
2076, BS13, 13, 58.29, 13.38, 0, 365, 0, 
2077, BS13, 13, 66.48, 13.12, 0, 365, 0, 
2078, BS13, 13, 100.53, 14.11, 0, 365, 0, 
2079, BS13, 13, 129.83, 13.28, 0, 351, 0, 
1980, BS14, 14, 122.54, 13.15, 0, 319, 0, 
1981, BS14, 14, 70.76, 13.23, 0, 365, 0, 
1982, BS14, 14, 59.65, 13.81, 0, 365, 0, 
1983, BS14, 14, 75.52, 13.65, 0, 365, 0, 
1984, BS14, 14, 77.5, 13.48, 0, 315, 0, 
1985, BS14, 14, 184.1, 14.34, 0, 365, 0, 
1986, BS14, 14, 75.52, 13.65, 0, 365, 0, 
1987, BS14, 14, 81.58, 14.4, 0, 365, 0, 
1988, BS14, 14, 147.46, 14.37, 0, 365, 0, 
1989, BS14, 14, 88.25, 13.53, 0, 365, 0, 
1990, BS14, 14, 81.58, 14.4, 0, 365, 0, 
1991, BS14, 14, 109.52, 13.73, 0, 311, 0, 
1992, BS14, 14, 52.62, 13.69, 0, 365, 0, 
1993, BS14, 14, 102.7, 14.1, 0, 365, 0, 
1994, BS14, 14, 147.46, 14.37, 0, 365, 0, 
1995, BS14, 14, 70.76, 13.23, 0, 365, 0, 
1996, BS14, 14, 85.29, 13.5, 0, 302, 0, 
1997, BS14, 14, 99.26, 14.39, 0, 337, 0, 
1998, BS14, 14, 117.36, 13.93, 0, 365, 0, 
1999, BS14, 14, 117.36, 13.93, 0, 365, 0, 
2000, BS14, 14, 98.52, 13.83, 0, 365, 0, 
2001, BS14, 14, 54.36, 13.52, 0, 321, 0, 
2002, BS14, 14, 117.36, 13.93, 0, 365, 0, 
2003, BS14, 14, 75.52, 13.65, 0, 365, 0, 
2004, BS14, 14, 92.47, 14.69, 0, 343, 0, 
2005, BS14, 14, 53.81, 13.44, 0, 336, 0, 
2006, BS14, 14, 109.52, 13.73, 0, 310, 0, 
2007, BS14, 14, 184.1, 14.34, 0, 365, 0, 
2008, BS14, 14, 92.47, 14.69, 0, 342, 0, 
2009, BS14, 14, 70.76, 13.23, 0, 365, 0, 
2010, BS14, 14, 52.62, 13.69, 0, 365, 0, 
2011, BS14, 14, 196.75, 13.81, 0, 365, 0, 
2012, BS14, 14, 102.81, 13.89, 0, 365, 0, 
2013, BS14, 14, 109.52, 13.73, 0, 309, 0, 
2014, BS14, 14, 88.25, 13.53, 0, 365, 0, 
2015, BS14, 14, 82.39, 12.95, 0, 365, 0, 
2016, BS14, 14, 88.25, 13.53, 0, 365, 0, 
2017, BS14, 14, 196.75, 13.81, 0, 365, 0, 
2018, BS14, 14, 121.89, 13.73, 0, 365, 0, 
2019, BS14, 14, 196.75, 13.81, 0, 365, 0, 
2020, BS14, 14, 63.8, 13.81, 0, 365, 0, 
2021, BS14, 14, 184.1, 14.34, 0, 365, 0, 
2022, BS14, 14, 117.36, 13.93, 0, 365, 0, 
2023, BS14, 14, 59.65, 13.81, 0, 350, 0, 
2024, BS14, 14, 158.61, 12.79, 0, 365, 0, 
2025, BS14, 14, 196.75, 13.81, 0, 365, 0, 
2026, BS14, 14, 147.46, 14.37, 0, 365, 0, 
2027, BS14, 14, 158.61, 12.79, 0, 365, 0, 
2028, BS14, 14, 52.62, 13.69, 0, 365, 0, 
2029, BS14, 14, 53.81, 13.44, 0, 336, 0, 
2030, BS14, 14, 77.5, 13.48, 0, 317, 0, 
2031, BS14, 14, 134.3, 13.97, 0, 320, 0, 
2032, BS14, 14, 63.8, 13.81, 0, 351, 0, 
2033, BS14, 14, 99.26, 14.39, 0, 338, 0, 
2034, BS14, 14, 121.89, 13.73, 0, 365, 0, 
2035, BS14, 14, 70.76, 13.23, 0, 365, 0, 
2036, BS14, 14, 134.3, 13.97, 0, 319, 0, 
2037, BS14, 14, 102.81, 13.89, 0, 365, 0, 
2038, BS14, 14, 52.62, 13.69, 0, 365, 0, 
2039, BS14, 14, 184.1, 14.34, 0, 365, 0, 
2040, BS14, 14, 70.76, 13.23, 0, 365, 0, 
2041, BS14, 14, 184.1, 14.34, 0, 365, 0, 
2042, BS14, 14, 88.25, 13.53, 0, 365, 0, 
2043, BS14, 14, 84.71, 13.41, 0, 365, 0, 
2044, BS14, 14, 63.8, 13.81, 0, 344, 0, 
2045, BS14, 14, 85.29, 13.5, 0, 306, 0, 
2046, BS14, 14, 82.39, 12.95, 0, 365, 0, 
2047, BS14, 14, 121.89, 13.73, 0, 365, 0, 
2048, BS14, 14, 121.89, 13.73, 0, 365, 0, 
2049, BS14, 14, 85.29, 13.5, 0, 307, 0, 
2050, BS14, 14, 158.61, 12.79, 0, 365, 0, 
2051, BS14, 14, 54.36, 13.52, 0, 329, 0, 
2052, BS14, 14, 158.61, 12.79, 0, 365, 0, 
2053, BS14, 14, 134.3, 13.97, 0, 365, 0, 
2054, BS14, 14, 85.29, 13.5, 0, 307, 0, 
2055, BS14, 14, 99.26, 14.39, 0, 338, 0, 
2056, BS14, 14, 102.7, 14.1, 0, 365, 0, 
2057, BS14, 14, 82.39, 12.95, 0, 365, 0, 
2058, BS14, 14, 122.54, 13.15, 0, 319, 0, 
2059, BS14, 14, 84.71, 13.41, 0, 365, 0, 
2060, BS14, 14, 133.68, 13.97, 0, 365, 0, 
2061, BS14, 14, 63.8, 13.81, 0, 347, 0, 
2062, BS14, 14, 81.58, 14.4, 0, 365, 0, 
2063, BS14, 14, 133.68, 13.97, 0, 365, 0, 
2064, BS14, 14, 99.26, 14.39, 0, 334, 0, 
2065, BS14, 14, 82.39, 12.95, 0, 365, 0, 
2066, BS14, 14, 54.36, 13.52, 0, 327, 0, 
2067, BS14, 14, 102.81, 13.89, 0, 365, 0, 
2068, BS14, 14, 82.39, 12.95, 0, 365, 0, 
2069, BS14, 14, 92.47, 14.69, 0, 348, 0, 
2070, BS14, 14, 184.1, 14.34, 0, 365, 0, 
2071, BS14, 14, 88.25, 13.53, 0, 365, 0, 
2072, BS14, 14, 63.8, 13.81, 0, 365, 0, 
2073, BS14, 14, 102.81, 13.89, 0, 365, 0, 
2074, BS14, 14, 52.62, 13.69, 0, 365, 0, 
2075, BS14, 14, 196.75, 13.81, 0, 365, 0, 
2076, BS14, 14, 77.5, 13.48, 0, 342, 0, 
2077, BS14, 14, 84.71, 13.41, 0, 365, 0, 
2078, BS14, 14, 134.3, 13.97, 0, 365, 0, 
2079, BS14, 14, 173.54, 13.19, 0, 338, 0, 
1980, BS15, 15, 97.08, 13, 0, 365, 0, 
1981, BS15, 15, 53.84, 13.17, 0, 365, 0, 
1982, BS15, 15, 44.63, 13.7, 0, 365, 0, 
1983, BS15, 15, 60.67, 13.51, 0, 365, 0, 
1984, BS15, 15, 58.99, 13.57, 0, 340, 0, 
1985, BS15, 15, 130.43, 14.36, 0, 365, 0, 
1986, BS15, 15, 60.67, 13.51, 0, 365, 0, 
1987, BS15, 15, 60.74, 14.23, 0, 365, 0, 
1988, BS15, 15, 109.14, 14.32, 0, 365, 0, 
1989, BS15, 15, 64.34, 13.39, 0, 365, 0, 
1990, BS15, 15, 60.74, 14.23, 0, 365, 0, 
1991, BS15, 15, 84.29, 13.59, 0, 316, 0, 
1992, BS15, 15, 40.04, 13.5, 0, 365, 0, 
1993, BS15, 15, 76.78, 13.9, 0, 365, 0, 
1994, BS15, 15, 109.14, 14.32, 0, 365, 0, 
1995, BS15, 15, 53.84, 13.17, 0, 365, 0, 
1996, BS15, 15, 62.79, 13.45, 0, 308, 0, 
1997, BS15, 15, 74.91, 14.43, 0, 345, 0, 
1998, BS15, 15, 86.12, 13.96, 0, 365, 0, 
1999, BS15, 15, 86.12, 13.96, 0, 365, 0, 
2000, BS15, 15, 71, 13.8, 0, 365, 0, 
2001, BS15, 15, 42.19, 13.45, 0, 331, 0, 
2002, BS15, 15, 86.12, 13.96, 0, 365, 0, 
2003, BS15, 15, 60.67, 13.51, 0, 365, 0, 
2004, BS15, 15, 71.15, 14.7, 0, 351, 0, 
2005, BS15, 15, 39.75, 13.26, 0, 339, 0, 
2006, BS15, 15, 84.29, 13.59, 0, 314, 0, 
2007, BS15, 15, 130.43, 14.36, 0, 365, 0, 
2008, BS15, 15, 71.15, 14.7, 0, 349, 0, 
2009, BS15, 15, 53.84, 13.17, 0, 365, 0, 
2010, BS15, 15, 40.04, 13.5, 0, 365, 0, 
2011, BS15, 15, 146.75, 13.87, 0, 365, 0, 
2012, BS15, 15, 78.43, 13.71, 0, 365, 0, 
2013, BS15, 15, 84.29, 13.59, 0, 315, 0, 
2014, BS15, 15, 64.34, 13.39, 0, 365, 0, 
2015, BS15, 15, 61.31, 12.84, 0, 365, 0, 
2016, BS15, 15, 64.34, 13.39, 0, 365, 0, 
2017, BS15, 15, 146.75, 13.87, 0, 365, 0, 
2018, BS15, 15, 91.58, 13.52, 0, 365, 0, 
2019, BS15, 15, 146.75, 13.87, 0, 365, 0, 
2020, BS15, 15, 48.66, 13.65, 0, 365, 0, 
2021, BS15, 15, 130.43, 14.36, 0, 365, 0, 
2022, BS15, 15, 86.12, 13.96, 0, 365, 0, 
2023, BS15, 15, 44.63, 13.7, 0, 365, 0, 
2024, BS15, 15, 120.31, 12.83, 0, 365, 0, 
2025, BS15, 15, 146.75, 13.87, 0, 365, 0, 
2026, BS15, 15, 109.14, 14.32, 0, 365, 0, 
2027, BS15, 15, 120.31, 12.83, 0, 365, 0, 
2028, BS15, 15, 40.04, 13.5, 0, 365, 0, 
2029, BS15, 15, 39.75, 13.26, 0, 339, 0, 
2030, BS15, 15, 58.99, 13.57, 0, 365, 0, 
2031, BS15, 15, 101.27, 14.09, 0, 365, 0, 
2032, BS15, 15, 48.66, 13.65, 0, 365, 0, 
2033, BS15, 15, 74.91, 14.43, 0, 350, 0, 
2034, BS15, 15, 91.58, 13.52, 0, 365, 0, 
2035, BS15, 15, 53.84, 13.17, 0, 365, 0, 
2036, BS15, 15, 101.27, 14.09, 0, 365, 0, 
2037, BS15, 15, 78.43, 13.71, 0, 365, 0, 
2038, BS15, 15, 40.04, 13.5, 0, 365, 0, 
2039, BS15, 15, 130.43, 14.36, 0, 365, 0, 
2040, BS15, 15, 53.84, 13.17, 0, 365, 0, 
2041, BS15, 15, 130.43, 14.36, 0, 365, 0, 
2042, BS15, 15, 64.34, 13.39, 0, 365, 0, 
2043, BS15, 15, 64.67, 13.26, 0, 365, 0, 
2044, BS15, 15, 48.66, 13.65, 0, 365, 0, 
2045, BS15, 15, 62.79, 13.45, 0, 310, 0, 
2046, BS15, 15, 61.31, 12.84, 0, 365, 0, 
2047, BS15, 15, 91.58, 13.52, 0, 365, 0, 
2048, BS15, 15, 91.58, 13.52, 0, 365, 0, 
2049, BS15, 15, 62.79, 13.45, 0, 308, 0, 
2050, BS15, 15, 120.31, 12.83, 0, 365, 0, 
2051, BS15, 15, 42.19, 13.45, 0, 327, 0, 
2052, BS15, 15, 120.31, 12.83, 0, 365, 0, 
2053, BS15, 15, 101.27, 14.09, 0, 365, 0, 
2054, BS15, 15, 62.79, 13.45, 0, 312, 0, 
2055, BS15, 15, 74.91, 14.43, 0, 343, 0, 
2056, BS15, 15, 76.78, 13.9, 0, 365, 0, 
2057, BS15, 15, 61.31, 12.84, 0, 365, 0, 
2058, BS15, 15, 97.08, 13, 0, 365, 0, 
2059, BS15, 15, 64.67, 13.26, 0, 365, 0, 
2060, BS15, 15, 98.4, 13.83, 0, 365, 0, 
2061, BS15, 15, 48.66, 13.65, 0, 365, 0, 
2062, BS15, 15, 60.74, 14.23, 0, 365, 0, 
2063, BS15, 15, 98.4, 13.83, 0, 365, 0, 
2064, BS15, 15, 74.91, 14.43, 0, 339, 0, 
2065, BS15, 15, 61.31, 12.84, 0, 365, 0, 
2066, BS15, 15, 42.19, 13.45, 0, 328, 0, 
2067, BS15, 15, 78.43, 13.71, 0, 365, 0, 
2068, BS15, 15, 61.31, 12.84, 0, 365, 0, 
2069, BS15, 15, 71.15, 14.7, 0, 344, 0, 
2070, BS15, 15, 130.43, 14.36, 0, 365, 0, 
2071, BS15, 15, 64.34, 13.39, 0, 365, 0, 
2072, BS15, 15, 48.66, 13.65, 0, 365, 0, 
2073, BS15, 15, 78.43, 13.71, 0, 365, 0, 
2074, BS15, 15, 40.04, 13.5, 0, 365, 0, 
2075, BS15, 15, 146.75, 13.87, 0, 365, 0, 
2076, BS15, 15, 58.99, 13.57, 0, 347, 0, 
2077, BS15, 15, 64.67, 13.26, 0, 365, 0, 
2078, BS15, 15, 101.27, 14.09, 0, 365, 0, 
2079, BS15, 15, 134.22, 13.21, 0, 344, 0, 
1980, BS16, 16, 117.37, 13.28, 0, 365, 0, 
1981, BS16, 16, 68.97, 13.4, 0, 365, 0, 
1982, BS16, 16, 59.77, 13.91, 0, 350, 0, 
1983, BS16, 16, 71.68, 13.76, 0, 365, 0, 
1984, BS16, 16, 74.69, 13.64, 0, 342, 0, 
1985, BS16, 16, 176, 14.53, 0, 365, 0, 
1986, BS16, 16, 71.68, 13.76, 0, 365, 0, 
1987, BS16, 16, 77.04, 14.55, 0, 365, 0, 
1988, BS16, 16, 146.06, 14.53, 0, 365, 0, 
1989, BS16, 16, 82.17, 13.65, 0, 365, 0, 
1990, BS16, 16, 77.04, 14.55, 0, 365, 0, 
1991, BS16, 16, 104.79, 13.91, 0, 311, 0, 
1992, BS16, 16, 50.62, 13.83, 0, 365, 0, 
1993, BS16, 16, 99.78, 14.28, 0, 365, 0, 
1994, BS16, 16, 146.06, 14.53, 0, 365, 0, 
1995, BS16, 16, 68.97, 13.4, 0, 365, 0, 
1996, BS16, 16, 82.54, 13.66, 0, 312, 0, 
1997, BS16, 16, 97.06, 14.59, 0, 341, 0, 
1998, BS16, 16, 114.03, 14.04, 0, 365, 0, 
1999, BS16, 16, 114.03, 14.04, 0, 365, 0, 
2000, BS16, 16, 99.87, 13.98, 0, 365, 0, 
2001, BS16, 16, 52.83, 13.67, 0, 323, 0, 
2002, BS16, 16, 114.03, 14.04, 0, 365, 0, 
2003, BS16, 16, 71.68, 13.76, 0, 365, 0, 
2004, BS16, 16, 91.13, 14.92, 0, 344, 0, 
2005, BS16, 16, 52.1, 13.59, 0, 338, 0, 
2006, BS16, 16, 104.79, 13.91, 0, 312, 0, 
2007, BS16, 16, 176, 14.53, 0, 365, 0, 
2008, BS16, 16, 91.13, 14.92, 0, 349, 0, 
2009, BS16, 16, 68.97, 13.4, 0, 365, 0, 
2010, BS16, 16, 50.62, 13.83, 0, 365, 0, 
2011, BS16, 16, 189.01, 14.04, 0, 365, 0, 
2012, BS16, 16, 100.64, 14.07, 0, 365, 0, 
2013, BS16, 16, 104.79, 13.91, 0, 313, 0, 
2014, BS16, 16, 82.17, 13.65, 0, 365, 0, 
2015, BS16, 16, 76.36, 13.13, 0, 365, 0, 
2016, BS16, 16, 82.17, 13.65, 0, 365, 0, 
2017, BS16, 16, 189.01, 14.04, 0, 365, 0, 
2018, BS16, 16, 115.74, 13.87, 0, 365, 0, 
2019, BS16, 16, 189.01, 14.04, 0, 365, 0, 
2020, BS16, 16, 61.25, 14.05, 0, 365, 0, 
2021, BS16, 16, 176, 14.53, 0, 365, 0, 
2022, BS16, 16, 114.03, 14.04, 0, 365, 0, 
2023, BS16, 16, 59.77, 13.91, 0, 349, 0, 
2024, BS16, 16, 153.28, 13, 0, 365, 0, 
2025, BS16, 16, 189.01, 14.04, 0, 365, 0, 
2026, BS16, 16, 146.06, 14.53, 0, 365, 0, 
2027, BS16, 16, 153.28, 13, 0, 365, 0, 
2028, BS16, 16, 50.62, 13.83, 0, 365, 0, 
2029, BS16, 16, 52.1, 13.59, 0, 332, 0, 
2030, BS16, 16, 74.69, 13.64, 0, 348, 0, 
2031, BS16, 16, 130.35, 14.2, 0, 365, 0, 
2032, BS16, 16, 61.25, 14.05, 0, 365, 0, 
2033, BS16, 16, 97.06, 14.59, 0, 345, 0, 
2034, BS16, 16, 115.74, 13.87, 0, 365, 0, 
2035, BS16, 16, 68.97, 13.4, 0, 365, 0, 
2036, BS16, 16, 130.35, 14.2, 0, 365, 0, 
2037, BS16, 16, 100.64, 14.07, 0, 365, 0, 
2038, BS16, 16, 50.62, 13.83, 0, 365, 0, 
2039, BS16, 16, 176, 14.53, 0, 365, 0, 
2040, BS16, 16, 68.97, 13.4, 0, 365, 0, 
2041, BS16, 16, 176, 14.53, 0, 365, 0, 
2042, BS16, 16, 82.17, 13.65, 0, 365, 0, 
2043, BS16, 16, 82.78, 13.53, 0, 365, 0, 
2044, BS16, 16, 61.25, 14.05, 0, 365, 0, 
2045, BS16, 16, 82.54, 13.66, 0, 306, 0, 
2046, BS16, 16, 76.36, 13.13, 0, 365, 0, 
2047, BS16, 16, 115.74, 13.87, 0, 365, 0, 
2048, BS16, 16, 115.74, 13.87, 0, 365, 0, 
2049, BS16, 16, 82.54, 13.66, 0, 307, 0, 
2050, BS16, 16, 153.28, 13, 0, 365, 0, 
2051, BS16, 16, 52.83, 13.67, 0, 326, 0, 
2052, BS16, 16, 153.28, 13, 0, 365, 0, 
2053, BS16, 16, 130.35, 14.2, 0, 365, 0, 
2054, BS16, 16, 82.54, 13.66, 0, 309, 0, 
2055, BS16, 16, 97.06, 14.59, 0, 350, 0, 
2056, BS16, 16, 99.78, 14.28, 0, 365, 0, 
2057, BS16, 16, 76.36, 13.13, 0, 365, 0, 
2058, BS16, 16, 117.37, 13.28, 0, 365, 0, 
2059, BS16, 16, 82.78, 13.53, 0, 365, 0, 
2060, BS16, 16, 126.43, 14.15, 0, 365, 0, 
2061, BS16, 16, 61.25, 14.05, 0, 365, 0, 
2062, BS16, 16, 77.04, 14.55, 0, 365, 0, 
2063, BS16, 16, 126.43, 14.15, 0, 365, 0, 
2064, BS16, 16, 97.06, 14.59, 0, 348, 0, 
2065, BS16, 16, 76.36, 13.13, 0, 365, 0, 
2066, BS16, 16, 52.83, 13.67, 0, 324, 0, 
2067, BS16, 16, 100.64, 14.07, 0, 365, 0, 
2068, BS16, 16, 76.36, 13.13, 0, 365, 0, 
2069, BS16, 16, 91.13, 14.92, 0, 347, 0, 
2070, BS16, 16, 176, 14.53, 0, 365, 0, 
2071, BS16, 16, 82.17, 13.65, 0, 365, 0, 
2072, BS16, 16, 61.25, 14.05, 0, 365, 0, 
2073, BS16, 16, 100.64, 14.07, 0, 365, 0, 
2074, BS16, 16, 50.62, 13.83, 0, 365, 0, 
2075, BS16, 16, 189.01, 14.04, 0, 365, 0, 
2076, BS16, 16, 74.69, 13.64, 0, 365, 0, 
2077, BS16, 16, 82.78, 13.53, 0, 365, 0, 
2078, BS16, 16, 130.35, 14.2, 0, 365, 0, 
2079, BS16, 16, 166.24, 13.44, 0, 340, 0, 
1980, BS17, 17, 71.21, 13.27, 0, 365, 0, 
1981, BS17, 17, 40.65, 13.12, 0, 365, 0, 
1982, BS17, 17, 33.28, 13.58, 0, 365, 0, 
1983, BS17, 17, 48.98, 13.32, 0, 365, 0, 
1984, BS17, 17, 43.56, 13.81, 0, 365, 0, 
1985, BS17, 17, 81.66, 14.52, 0, 365, 0, 
1986, BS17, 17, 48.98, 13.32, 0, 365, 0, 
1987, BS17, 17, 44.73, 13.95, 0, 365, 0, 
1988, BS17, 17, 80.52, 14.33, 0, 365, 0, 
1989, BS17, 17, 44.25, 13.21, 0, 365, 0, 
1990, BS17, 17, 44.73, 13.95, 0, 365, 0, 
1991, BS17, 17, 65.01, 13.43, 0, 365, 0, 
1992, BS17, 17, 31.02, 13.31, 0, 365, 0, 
1993, BS17, 17, 53.22, 13.71, 0, 365, 0, 
1994, BS17, 17, 80.52, 14.33, 0, 365, 0, 
1995, BS17, 17, 40.65, 13.12, 0, 365, 0, 
1996, BS17, 17, 45.18, 13.41, 0, 365, 0, 
1997, BS17, 17, 55.18, 14.6, 0, 365, 0, 
1998, BS17, 17, 60.76, 14.1, 0, 365, 0, 
1999, BS17, 17, 60.76, 14.1, 0, 365, 0, 
2000, BS17, 17, 51.23, 13.86, 0, 365, 0, 
2001, BS17, 17, 33.66, 13.47, 0, 338, 0, 
2002, BS17, 17, 60.76, 14.1, 0, 365, 0, 
2003, BS17, 17, 48.98, 13.32, 0, 365, 0, 
2004, BS17, 17, 56.39, 14.79, 0, 365, 0, 
2005, BS17, 17, 29.37, 13.09, 0, 365, 0, 
2006, BS17, 17, 65.01, 13.43, 0, 365, 0, 
2007, BS17, 17, 81.66, 14.52, 0, 365, 0, 
2008, BS17, 17, 56.39, 14.79, 0, 365, 0, 
2009, BS17, 17, 40.65, 13.12, 0, 365, 0, 
2010, BS17, 17, 31.02, 13.31, 0, 365, 0, 
2011, BS17, 17, 107.14, 14.01, 0, 365, 0, 
2012, BS17, 17, 60.45, 13.56, 0, 365, 0, 
2013, BS17, 17, 65.01, 13.43, 0, 365, 0, 
2014, BS17, 17, 44.25, 13.21, 0, 365, 0, 
2015, BS17, 17, 45.58, 12.78, 0, 365, 0, 
2016, BS17, 17, 44.25, 13.21, 0, 365, 0, 
2017, BS17, 17, 107.14, 14.01, 0, 365, 0, 
2018, BS17, 17, 64.96, 13.25, 0, 365, 0, 
2019, BS17, 17, 107.14, 14.01, 0, 365, 0, 
2020, BS17, 17, 36.93, 13.4, 0, 365, 0, 
2021, BS17, 17, 81.66, 14.52, 0, 365, 0, 
2022, BS17, 17, 60.76, 14.1, 0, 365, 0, 
2023, BS17, 17, 33.28, 13.58, 0, 365, 0, 
2024, BS17, 17, 91.41, 12.98, 0, 365, 0, 
2025, BS17, 17, 107.14, 14.01, 0, 365, 0, 
2026, BS17, 17, 80.52, 14.33, 0, 365, 0, 
2027, BS17, 17, 91.41, 12.98, 0, 365, 0, 
2028, BS17, 17, 31.02, 13.31, 0, 365, 0, 
2029, BS17, 17, 29.37, 13.09, 0, 365, 0, 
2030, BS17, 17, 43.56, 13.81, 0, 365, 0, 
2031, BS17, 17, 73.68, 14.35, 0, 365, 0, 
2032, BS17, 17, 36.93, 13.4, 0, 365, 0, 
2033, BS17, 17, 55.18, 14.6, 0, 365, 0, 
2034, BS17, 17, 64.96, 13.25, 0, 365, 0, 
2035, BS17, 17, 40.65, 13.12, 0, 365, 0, 
2036, BS17, 17, 73.68, 14.35, 0, 365, 0, 
2037, BS17, 17, 60.45, 13.56, 0, 365, 0, 
2038, BS17, 17, 31.02, 13.31, 0, 365, 0, 
2039, BS17, 17, 81.66, 14.52, 0, 365, 0, 
2040, BS17, 17, 40.65, 13.12, 0, 365, 0, 
2041, BS17, 17, 81.66, 14.52, 0, 365, 0, 
2042, BS17, 17, 44.25, 13.21, 0, 365, 0, 
2043, BS17, 17, 46.3, 13.22, 0, 365, 0, 
2044, BS17, 17, 36.93, 13.4, 0, 365, 0, 
2045, BS17, 17, 45.18, 13.41, 0, 365, 0, 
2046, BS17, 17, 45.58, 12.78, 0, 365, 0, 
2047, BS17, 17, 64.96, 13.25, 0, 365, 0, 
2048, BS17, 17, 64.96, 13.25, 0, 365, 0, 
2049, BS17, 17, 45.18, 13.41, 0, 365, 0, 
2050, BS17, 17, 91.41, 12.98, 0, 365, 0, 
2051, BS17, 17, 33.66, 13.47, 0, 338, 0, 
2052, BS17, 17, 91.41, 12.98, 0, 365, 0, 
2053, BS17, 17, 73.68, 14.35, 0, 365, 0, 
2054, BS17, 17, 45.18, 13.41, 0, 365, 0, 
2055, BS17, 17, 55.18, 14.6, 0, 365, 0, 
2056, BS17, 17, 53.22, 13.71, 0, 365, 0, 
2057, BS17, 17, 45.58, 12.78, 0, 365, 0, 
2058, BS17, 17, 71.21, 13.27, 0, 365, 0, 
2059, BS17, 17, 46.3, 13.22, 0, 365, 0, 
2060, BS17, 17, 67.39, 13.66, 0, 365, 0, 
2061, BS17, 17, 36.93, 13.4, 0, 365, 0, 
2062, BS17, 17, 44.73, 13.95, 0, 365, 0, 
2063, BS17, 17, 67.39, 13.66, 0, 365, 0, 
2064, BS17, 17, 55.18, 14.6, 0, 365, 0, 
2065, BS17, 17, 45.58, 12.78, 0, 365, 0, 
2066, BS17, 17, 33.66, 13.47, 0, 338, 0, 
2067, BS17, 17, 60.45, 13.56, 0, 365, 0, 
2068, BS17, 17, 45.58, 12.78, 0, 365, 0, 
2069, BS17, 17, 56.39, 14.79, 0, 365, 0, 
2070, BS17, 17, 81.66, 14.52, 0, 365, 0, 
2071, BS17, 17, 44.25, 13.21, 0, 365, 0, 
2072, BS17, 17, 36.93, 13.4, 0, 365, 0, 
2073, BS17, 17, 60.45, 13.56, 0, 365, 0, 
2074, BS17, 17, 31.02, 13.31, 0, 365, 0, 
2075, BS17, 17, 107.14, 14.01, 0, 365, 0, 
2076, BS17, 17, 43.56, 13.81, 0, 365, 0, 
2077, BS17, 17, 46.3, 13.22, 0, 365, 0, 
2078, BS17, 17, 73.68, 14.35, 0, 365, 0, 
2079, BS17, 17, 105.01, 13.32, 0, 343, 0, 
